ano;numero_termo;numero_sei;orgao_acordo;parceiro_acordo;objeto;inicio_vigencia;fim_vigencia;situacao;link_documento
"2014";"6186";"";"CORPO DE BOMBEIROS MILITAR DO ESTADO DE MINAS GERAIS";"PREFEITURA MUNICIPAL DE DIAMANTINA";"Estabelecimento de condições de cooperação mútua entre os convenentes, visando à execução pelo CBMMG, dos Srviços de Prevenção e de Combate a Incêndios, Busca e Salvamento, Resgate e Defesa Civil no Município e Região.";"2017-07-02";"2018-07-01";"ENCERRADO";"https://drive.google.com/file/d/1FvHYARjpTR3i26FUZZHQIlvvfjOiFz9v/view?usp=sharing"
"2017";"1";"";"CORPO DE BOMBEIROS MILITAR DO ESTADO DE MINAS GERAIS";"PREFEITURA MUNICIPAL DE ALFENAS";"Estabelecimento de condições de cooperação mútua entre os convenentes, visando à execução pelo CBMMG dos serviços de prevenção e combate a incêndio, busca e salvamento, resgate e defesa civil no Município de Alfenas e região.";"2021-11-06";"2022-11-05";"ENCERRADO";"https://drive.google.com/file/d/1uEJdGcsxgZYciJaFrVNNxql0vzuPKpFG/view?usp=sharing"
"2018";"S/N";"";"CORPO DE BOMBEIROS MILITAR DO ESTADO DE MINAS GERAIS";"PREFEITURA MUNICIPAL DE ANDRADAS";"Execução pelo CBMMG, dos serviços de prevenção e de combate a incêndio, busca e salvamento, resgate e defesa civil no município de Andradas, impondo assim condições para que o CBMMG preste serviços de qualidade na região, mediante a locação e adequação de imóvel, apto a sediar a fração BM no município citado";"2020-04-08";"2021-04-07";"ENCERRADO";"https://drive.google.com/file/d/1yL92iT4aOgInD6AiGT-uhjj0MEko5ciA/view?usp=sharing"
"2013";"6181";"";"CORPO DE BOMBEIROS MILITAR DO ESTADO DE MINAS GERAIS";"PREFEITURA MUNICIPAL DE CURVELO";"O presente convênio tem por objeto o estabelecimento de condições de cooperação mútua entre os convenentes, visando à execução, pelo CBMMG, dos serviços de Prevenção e de Combate a Incêndio, Busca e Salvamento, Resgate e Defesa Civil no município de Curvelo e região.";"2013-10-19";"2018-10-18";"ENCERRADO";"https://drive.google.com/file/d/1JOxj9xDYYxKWLMkpSpVKSyzvnO4UKJnC/view?usp=sharing"
"2018";"6";"";"CORPO DE BOMBEIROS MILITAR DO ESTADO DE MINAS GERAIS";"PREFEITURA MUNICIPAL DE ARAGUARI";"estabelecer condições de cooperação mútua entre os convenentes, com o fito de proporcionar a execução pelo CBMMG, dos Serviços Prevenção e Combate a Incên- dios, Busca e Salvamento, Resgate e Defesa Civil no municí- pio de Araguari e região.";"2018-01-01";"2018-12-31";"ENCERRADO";"https://drive.google.com/file/d/1m1JxfZz83U4qFuBJUN9MHGmw0RAWKxxS/view?usp=sharing"
"2018";"60";"";"CORPO DE BOMBEIROS MILITAR DO ESTADO DE MINAS GERAIS";"PREFEITURA MUNICIPAL DE UBERLANDIA";"Estabelecimento de condições de cooperação mútua entre os convenentes , com o fito de proporcionar a execução pelo CBMMG/5º BBM e pela Prefeitura Municipal de Uberlândia, atividades referntes ao Projeto de Responsabilidade Social Bombeiro Mirim que trata-se de uma ação ensino/social que tem como objetivo oferecer a 100 (cem) adolescentes nafaixa etária entre os 8 (oito) e 16 (dezesseis) anos, matriculados nos Núcleos de Apoio Integral à Criança e ao Adolescente (NAICA's),uma inserção em cultura prevencionista de valorização da vida, por meio de lições de cidadania, civismo, patriotismo, meio ambiente, prevenção às drogas, primeiros socorros, prevenção a acidentes domésticos e a acidentes de trânsito, dentre outros, a serem executados e/ou coordenados pelo Corpo de Bombeiros Militares do 5º BBM.";"2018-05-07";"2018-12-31";"ENCERRADO";"https://drive.google.com/file/d/1XPuzOASoRMUCIN_fGKVnxVNQcQDjsS-q/view?usp=sharing"
"2026";"1";"";"CORPO DE BOMBEIROS MILITAR DO ESTADO DE MINAS GERAIS";"PREFEITURA MUNICIPAL DE DIAMANTINA";"Estabelecimento de condições de cooperação mútua entre os convenentes, visando a execução pelo CBMMG nos serviços de prevenção e de combate a incêndios, busca e salvamento, atendimento pré-hospitalar (resgate) e defesa civil no Município de Diamantina e região.";"2026-02-28";"2027-02-27";"VIGENTE";"https://drive.google.com/file/d/1nEOTmyQaBjWBKL0bybYhMriKogmFVArN/view?usp=sharing"
"2014";"2";"";"CORPO DE BOMBEIROS MILITAR DO ESTADO DE MINAS GERAIS";"PREFEITURA MUNICIPAL DE PATOS DE MINAS";"O convênio tem por objeto, pagamento de tarifas telefônicas e da internet banda larga da 4ª Companhia Independente de Bombeiros Militar - Patos de Minas.";"2018-06-14";"2019-06-13";"ENCERRADO";"https://drive.google.com/file/d/1cB_UNEW_jJGKjb1dpr9Qme2J0elgK-mr/view?usp=sharing"
"2018";"6226";"";"CORPO DE BOMBEIROS MILITAR DO ESTADO DE MINAS GERAIS";"PREFEITURA MUNICIPAL DE ALMENARA";"Estabelecimento de condições de cooperação mútua entre os convenentes, com o fito de proporcionar a execução pelo CBMMG, dos Serviços de Prevenção e de Combate a Incêndio, Busca e Salvvamento, Resgate e Defesa Civil no Município de Almenara/MG e região.";"2018-07-20";"2019-07-19";"ENCERRADO";"https://drive.google.com/file/d/101-CE4L6Wbi3TI7wfcZ-em6mn8NGL5TA/view?usp=sharing"
"2018";"1";"";"CORPO DE BOMBEIROS MILITAR DO ESTADO DE MINAS GERAIS";"PREFEITURA MUNICIPAL DE VESPASIANO";"O presente convênio tem por objeto o estabelecimento de condições de cooperação mútua entre os convenentes, visando à execução pelo CBMMG, dos Serviços de Prevenção e de Combate a Incêndios, Buscas e Salvamentos, Resgates e Execução de Atividades de Proteção e Defesa Civil no município.";"2022-10-01";"2023-10-01";"ENCERRADO";"https://drive.google.com/file/d/1WvBPP0o7GhDor6bSjHDaYt2TiHKl8BL1/view?usp=sharing"
"2019";"4003";"";"CORPO DE BOMBEIROS MILITAR DO ESTADO DE MINAS GERAIS";"PREFEITURA MUNICIPAL DE VICOSA";"O estabelecimento de condições de cooperação mútua entre os convenentes, visando à execução pelo CBMMG, dos Serviços de Prevenção e de Combate a Incêndio, Busca e Salvamento, Resgate e Defesa Civil no Município de Viçosa e região.";"2019-11-07";"2019-11-06";"ENCERRADO";"https://drive.google.com/file/d/16U2WL9-I1Rr3h_0IkaKwJW7xx86GkRvI/view?usp=sharing"
"2014";"4001";"";"CORPO DE BOMBEIROS MILITAR DO ESTADO DE MINAS GERAIS";"PREFEITURA MUNICIPAL DE ITURAMA";"Estabelecimento de condições de cooperação mútua entre os convenentes visando a execução pelo CBMMG/8º BBM, dos serviços de prevenção e combate a incêndio, busca e salvamento, resgate e defesa civil no Município e região.";"2018-12-06";"2019-12-05";"ENCERRADO";"https://drive.google.com/file/d/1RI_vKcme07E1BU64oK5pHhdj7HkicwxV/view?usp=sharing"
"2019";"1";"";"CORPO DE BOMBEIROS MILITAR DO ESTADO DE MINAS GERAIS";"PREFEITURA MUNICIPAL DE TRES MARIAS";"Estabeleciemento de condições de cooperação mútua entre os convenentes, visando à execução pelo CBMMG, dos Serviços de Prevenção e de Combate a Incêndio e Pânico, Busca e Salvamento, Atendimento Pré-Hospitalar (Resgate) e Defesa Civil no Município de Três Marias/MG e região, bem como o desenvolvimento das ações por parte da Prefeitura de Três Marias/MG para a edificação e instalação da futura Fração do Corpo de Bombeiros Militar.";"2023-11-03";"2024-11-02";"ENCERRADO";"https://drive.google.com/file/d/1NWSZQE5R7yJ_UWU_nnmY5a8cddDdQUpf/view?usp=sharing"
"2016";"1";"";"CORPO DE BOMBEIROS MILITAR DO ESTADO DE MINAS GERAIS";"PREFEITURA MUNICIPAL DE FRUTAL";"Estabelecimento de condições de cooperação mútua entre os convenentes, visando à execução pelo CBMMG dos serviços de prevenção e combate a incêndio, busca e salvamento, resgate e defesa civil no Município de Frutal e região.";"2020-07-01";"2021-06-30";"ENCERRADO";"https://drive.google.com/file/d/1pG0LMhBqJyzGJaL3vKikXsf2s8GmF0go/view?usp=sharing"
"2015";"6193";"";"CORPO DE BOMBEIROS MILITAR DO ESTADO DE MINAS GERAIS";"PREFEITURA MUNICIPAL DE ARAXA";"Estabelecimento de condições de cooperação mutua entre os convenentes, visando a execução pelo CBMMG dos serviços de prevenção e combate a incêndios, busca e salvamento, resgates e execução das atividades de defesa civil no município de Araxá e região.";"2019-01-01";"2019-12-31";"ENCERRADO";"https://drive.google.com/file/d/1hCoU4KDvuH8ATZq8JRb56B0jkMHC2H3X/view?usp=sharing"
"2021";"S/N";"";"CORPO DE BOMBEIROS MILITAR DO ESTADO DE MINAS GERAIS";"PREFEITURA MUNICIPAL DE GUAXUPE";"O presente termo tem por objeto a cessão de uso gratuita para a manutenção do 4º Pelotão de Bombeiros Militar, o imóvel localizado a Rua Bahia, nº 164, Bairro Nossa Senhora das Dores, com área de terreno equivalente a 3.822,60m2 (três mil e oitocentos e vinte dois vírgula sessenta metros quadrados) e respectivas edificações que totalizam 861,21 m2(oitocentos e sessenta e um vírgula vinte e um metros quadrados).";"2021-08-16";"2031-08-15";"VIGENTE";"https://drive.google.com/file/d/1tlf1DO32ADQB_piNkiQyYMP_d4PYlsKb/view?usp=sharing"
"2018";"3";"";"CORPO DE BOMBEIROS MILITAR DO ESTADO DE MINAS GERAIS";"PREFEITURA MUNICIPAL DE SAO SEBASTIAO DO PARAISO";"Estabelecimento de condições de cooperação mútua entre os convenentes, visando a execução pelo CBMMG dos serviços de prevenção e combate a incêndios, buscas e salvamentos, resgate e defesa civil no município e região.";"2022-01-01";"2022-12-31";"ENCERRADO";"https://drive.google.com/file/d/1ns4uSxEEsNvt1T3A1fhK3BmQEPsLU_Cw/view?usp=sharing"
"2018";"2";"";"CORPO DE BOMBEIROS MILITAR DO ESTADO DE MINAS GERAIS";"PREFEITURA MUNICIPAL DE GUAXUPE";"Estabelecimento de condições de cooperação mútua entre os convenentes, visando à execução, pelo CBMMG, dos serviços de prevenção e combate a incêndios, buscas e salvamentos, atendimento pré hospitalar e defesa civil no Município de Guaxupé e região.";"2022-01-01";"2022-12-31";"ENCERRADO";"https://drive.google.com/file/d/1c2x5NtiMhfHN5Xvq5KlNu-uv7hdsg1ye/view?usp=sharing"
"2019";"6231";"";"CORPO DE BOMBEIROS MILITAR DO ESTADO DE MINAS GERAIS";"PREFEITURA MUNICIPAL DE OURO PRETO";"Estabelecimento de condições de cooperação mútua entre os convenentes, visando à execução pelo CBMMG, dos serviços de prevenção e de combate a incêndio, busca e salvamento, resgate e defesa civil no município e região.";"2019-05-25";"2020-05-24";"ENCERRADO";"https://drive.google.com/file/d/1Frb_r9ugdShBsfOPZLOiLMleDjB1R3hX/view?usp=sharing"
"2015";"6196";"";"CORPO DE BOMBEIROS MILITAR DO ESTADO DE MINAS GERAIS";"PREFEITURA MUNICIPAL DE LEOPOLDINA";"Estabelecimento de condições de cooperação mútua entre os convenentes, visando à execução pelo CBMMG, dos Serviços de Prevenção e de Combate a Incêndio, Busca e Salvamento, Resgate e Defesa Civil no Município e região, bem como o desenvolvimento das ações por parte da Prefeitura Municipal Leopoldina para a instalação da Fração do Corpo de Bombeiros Militar naquele município.";"2019-07-21";"2020-07-20";"ENCERRADO";"https://drive.google.com/file/d/1t3YDfJvXR3GnVXlqLmgwkqo-M9nlds0b/view?usp=sharing"
"2020";"6236";"";"CORPO DE BOMBEIROS MILITAR DO ESTADO DE MINAS GERAIS";"PREFEITURA MUNICIPAL DE ARAXA";"Estabelecimento de condições de cooperação mútua entre os convenentes, visando a execução pelo CBMMG, dos Serviços de Prevenção e de Combate a Incêndios, Buscas e Salvamento, Resgate e Execução de Atividades de Defesa Civil no município de Araxá e região, visando ainda à efetiva e cada vez melhor manutenção da ordem de defesa social.";"2020-10-08";"2020-12-31";"ENCERRADO";"https://drive.google.com/file/d/1g16IfdauwLyNTnjbF8xQzUGgecoaA_dV/view?usp=sharing"
"2020";"13";"";"CORPO DE BOMBEIROS MILITAR DO ESTADO DE MINAS GERAIS";"PREFEITURA MUNICIPAL DE UBERLANDIA";"Estabelecimento de condilões de cooperação mútua entre os convenentes, com fito de proporcionar a execução pelo CBMMG/5º BBM e pela Prefeitura Municpal de Uberlândia, atividades referntes ao Projeto de Responsabilidades Social Bombeiro Mirim que trata-se de uma ação ensino/social quem tem como ojetivo oferecer a 100(cem) aadolescentes na faixa etária entre os 8 (oit) e 16 (dezesseis) anos, matriculados nos Núcleos de Apoio Integral à Criança e ao Adolescente (NAICA's), uma inserção em cultura prevencionista de valorização da vida, por meio de ligações de cidadania, civismo, patriotismo, meio ambiente, prevenção às drogas, primeiros socorros, prevenção a acidentes domésticos e a acidentes de trânsito, dentre outros, a serem executados e/ou coordenados pelo Corpo de Bombeiros Militar do 5º BBM.";"2020-03-02";"2020-12-31";"ENCERRADO";"https://drive.google.com/file/d/15ttL6wJc7mZeb6YHuxkeoxBCydOZBVmL/view?usp=sharing"
"2019";"81";"";"CORPO DE BOMBEIROS MILITAR DO ESTADO DE MINAS GERAIS";"PREFEITURA MUNICIPAL DE UBERLANDIA";"Cooperação mútua entre os convenentes para coordenação e execução dos serviços de atendimento pré-hospitalar móvel no Município de Uberlândia através do SIATE 193 – Sistema Integrado de Atendimento a Traumas e Emergências .";"2019-07-10";"2020-12-31";"ENCERRADO";"https://drive.google.com/file/d/1KI7JD2vgu9hWRjf7Z15SkhiGog8BTd12/view?usp=sharing"
"2016";"3";"";"CORPO DE BOMBEIROS MILITAR DO ESTADO DE MINAS GERAIS";"PREFEITURA MUNICIPAL DE MURIAE";"Estabelecimento de condições de cooperação mútua entre os convenentes, visando à execução pelo CBMMG dos serviços de prevenção e combate a incêndio, busca e salvamento, resgate e defesa civil no município de Muriaé e região.";"2020-06-01";"2020-12-31";"ENCERRADO";"https://drive.google.com/file/d/1GNIzGnnoC7PiNfj3kSxLD4gZNEG9zbOe/view?usp=sharing"
"2015";"4004";"";"CORPO DE BOMBEIROS MILITAR DO ESTADO DE MINAS GERAIS";"PREFEITURA MUNICIPAL DE CARNEIRINHO";"Estabelecimento de condições de cooperação mútua entre os convenentes, visando à execução pelo CBMMG/8º BBM, dos serviços de prevenção e combate a incêndio, busca e salvamento, resgate e defesa civil no Município e região.";"2020-01-01";"2020-12-31";"ENCERRADO";"https://drive.google.com/file/d/1RTfx2S3rJp2a4pv_OepifvSIYI6--L0-/view?usp=sharing"
"2017";"16";"";"CORPO DE BOMBEIROS MILITAR DO ESTADO DE MINAS GERAIS";"PREFEITURA MUNICIPAL DE RIBEIRAO DAS NEVES";"Estabelecimento de condições de cooperação mútua entre os convenentes, visando à execução pelo CBMMG, dos serviços de prevenção e de combate a incêndio, busca e salvamento, resgate e defesa civil no Município e região.";"2020-02-29";"2021-02-28";"ENCERRADO";"https://drive.google.com/file/d/150Z29tRV2bVoRv2yJYZmyjtgmQ3J22og/view?usp=sharing"
"2017";"4001";"";"CORPO DE BOMBEIROS MILITAR DO ESTADO DE MINAS GERAIS";"PREFEITURA MUNICIPAL DE ITUIUTABA";"Estabelecimento de condições de cooperação mútua entre os convenentes, visando aperfeiçoar a prevenção e combate a incêndio e pânico, busca e salvamento, atendimento pré-hospitalar e defesa civil no Município de Ituiutaba, conforme plano de trabalho em anexo.";"2017-01-01";"2021-03-31";"ENCERRADO";"https://drive.google.com/file/d/1yTtl_R927gpuDmHs-23SJlEqqNzDzYNs/view?usp=sharing"
"2019";"2";"";"CORPO DE BOMBEIROS MILITAR DO ESTADO DE MINAS GERAIS";"PREFEITURA MUNICIPAL DE ROSARIO DA LIMEIRA";"Estabelecimento de condições de cooperação mútua entre os convenentes, visando à execução pelo CBMMG, dos Serviços de Prevenção e de Combate a Incêndio e pânico, Busca e Salvamento, atendimento pré-hospitalar (Resgate)e Defesa Civil no Município de ROSÁRIO DA LIMEIRA/MG e região, bem como o desenvolvimento das ações por parte da Prefeitura Municipal de ROSÁRIO DA LIMEIRA/MG para apoio à manutenção ininterrupta dos serviços do CBMMG";"2021-05-15";"2022-05-14";"ENCERRADO";"https://drive.google.com/file/d/1l-gEyeKvVRhPU93W9qrbch9X4K8SzSJA/view?usp=sharing"
"2018";"6218";"";"CORPO DE BOMBEIROS MILITAR DO ESTADO DE MINAS GERAIS";"PREFEITURA MUNICIPAL DE MARIANA";"Estabelecimento de condições de cooperação mútua entre os convenentes, visando à execução pelo CBMMG, dos serviços de prevenção e de combate a incêndio, busca e salvamento, resgate e defesa civil no";"2020-06-10";"2021-06-10";"ENCERRADO";"https://drive.google.com/file/d/13UQ86OjlUJP1cr4-ij_O_rjjhW2J1LAf/view?usp=sharing"
"2020";"S/N";"";"CORPO DE BOMBEIROS MILITAR DO ESTADO DE MINAS GERAIS";"PREFEITURA MUNICIPAL DE SALINAS";"Formalização do interesse mútuo entre o 8º Pelotão de Salinas e a Defesa Civil Municipal de Salinas em transferir a base do COMPDEC para a estrutura do pelotão BM de Salinas.";"2020-12-24";"2022-12-23";"ENCERRADO";"https://drive.google.com/file/d/17AYetbcV8tSsO1MYuuZd8vZATSrZkMvr/view?usp=sharing"
"2020";"3";"";"CORPO DE BOMBEIROS MILITAR DO ESTADO DE MINAS GERAIS";"PREFEITURA MUNICIPAL DE LEOPOLDINA";"o estabelecimento de condições de cooperação mútua entre os convenentes, visando à execução pelo CBMMG, dos Serviços de Prevenção e de Combate a Incêndio e pânico, Busca e Salvamento, atendimento pré-hospitalar (Resgate)e Defesa Civil no Município de Leopoldina e região, bem como o desenvolvimento das ações por parte da Prefeitura Municipal de Leopoldina para apoio à manutenção ininterrupta dos serviços do CBMMG";"2022-06-15";"2025-10-06";"ENCERRADO";"https://drive.google.com/file/d/1ApM7OWPLdSfkP9KeCuGOeEYm_cubxKcF/view?usp=sharing"
"2018";"6225";"";"CORPO DE BOMBEIROS MILITAR DO ESTADO DE MINAS GERAIS";"PREFEITURA MUNICIPAL DE SETE LAGOAS";"Cooperação Administrativa, técnica, financeira e operacional entre os convenentes, visando a instalção e manutenção da 3ª Cia do CBMMG no imóvel cedido pelo Município, com o objetivo de elevá-la à Cia Ind, bem como a execução pelo CBMMG, dos serviços de Prevenção e Combate à Incêndio, Busca e Salvamento, Resgate, Atendimento Pré-Hospitalar e Defesa Civil em conjunto com as instituições envolvidas no Município.";"2018-02-01";"2021-06-30";"ENCERRADO";"https://drive.google.com/file/d/1NlivnG-7LRBRGIWXhA8K8PS1LFBKx5Qw/view?usp=sharing"
"2016";"62";"";"CORPO DE BOMBEIROS MILITAR DO ESTADO DE MINAS GERAIS";"PREFEITURA MUNICIPAL DE PARACATU";"Cooperação mútua entre os convenentes visando à manutenção do Pelotão do CBMMG para prestação de serviços de prevenção e combate a incêndio, busca e salvamento, resgate e defesa civil no Município de paracatu e região.";"2020-07-01";"2021-06-30";"ENCERRADO";"https://drive.google.com/file/d/1_0_g58Zcqr9KwK5QDhbL-tSaNHCf3VSg/view?usp=sharing"
"2019";"6233";"";"CORPO DE BOMBEIROS MILITAR DO ESTADO DE MINAS GERAIS";"PREFEITURA MUNICIPAL DE SANTA LUZIA";"""Estabelecimento de condições de cooperação mútua entre os convenentes, visando a execução dos serviços prestados pelo CBMMG e ações por parte da Pref . de Santa Luzia para a instalação da futura sede da fração do CBMMG no Município""";"2020-09-11";"2021-09-11";"ENCERRADO";"https://drive.google.com/file/d/1L48HiuXWOC6GXP4rnyrHRmUzbIDFbbGD/view?usp=sharing"
"2020";"22040201";"";"CORPO DE BOMBEIROS MILITAR DO ESTADO DE MINAS GERAIS";"PREFEITURA MUNICIPAL DE CARANDAI";"Estabelecer as intenções do CBMMG e do Município de Carandaí / MG, em firmar um Instrumento Público Específico, com vistas à execução pelo CBMMG, dos Serviços de Prevenção e de Combate a Incêndio, Busca e Salvamento, Resgate e Defesa Civil no Município de Carandaí / MG, impondo assim condições para que o CBMMG preste serviços de qualidade na região, mediante a construção da sede da Fração BM (Posto Avançado) no município de Carandaí a cargo da Prefeitura Municipal, que deverá ocorrer no prazo de 12 (doze) meses após a assinatura deste instrumento.";"2020-12-15";"2021-12-14";"ENCERRADO";"https://drive.google.com/file/d/1jZN_1W0FNPDepUmn-w0WWpSu5J0g9xM5/view?usp=sharing"
"2020";"27";"";"CORPO DE BOMBEIROS MILITAR DO ESTADO DE MINAS GERAIS";"PREFEITURA MUNICIPAL DE ARAXA";"Integração da Coordenadoria Municipal de Proteção e Defesa civil – CMPDEC e o Corpo de Bombeiros Militar de Minas Gerais – CBMMG na gestão, gerenciamento, coordenação e execução das ações de Defesa Civil no Município de Araxá.";"2021-01-06";"2021-12-31";"ENCERRADO";"https://drive.google.com/file/d/1fuvfYDLCpL6eknWF4PA18hlT06u_v0VA/view?usp=sharing"
"2019";"5";"";"CORPO DE BOMBEIROS MILITAR DO ESTADO DE MINAS GERAIS";"PREFEITURA MUNICIPAL DE RIO POMBA";"O estabelecimento de condições de cooperação mútua entre os convenentes, visando à execução pelo CBMMG, dos Serviços de Prevenção e de Combate a Incêndio e pânico, Busca e Salvamento, atendimento pré-hospitalar (Resgate)e Defesa Civil no Município de RIO POMBA/MG e região, bem como o desenvolvimento das ações por parte da Prefeitura Municipal de RIO POMBA/MG para apoio à manutenção ininterrupta dos serviços do CBMMG.";"2021-01-01";"2021-12-31";"ENCERRADO";"https://drive.google.com/file/d/1uSIL7V2co7QTC7fImjlQ4QzkH-I3EjGr/view?usp=sharing"
"2019";"6";"";"CORPO DE BOMBEIROS MILITAR DO ESTADO DE MINAS GERAIS";"PREFEITURA MUNICIPAL DE RODEIRO";"Constitui objeto do plano de trabalho a cooperação mútua entre o Município de RODEIRO/MG e o Corpo de Bombeiros Militar de Minas Gerais, visando à promoção das ações de proteção e defesa civil, estabelecidas pela Política Nacional de Defesa Civil através da Lei Federal nº 12.608/2012. Constitui-se ainda objeto, deste convênio, a mútua cooperação visando ao cumprimento da Lei Estadual 14.130/2001 e Lei Federal nº 13.425/2017, no que se refere às ações de prevenção e combate a incêndio e a desastres e apoio nas ações de competência do CBMMG no município de Rodeiro/MG e região.";"2021-01-01";"2021-12-31";"ENCERRADO";"https://drive.google.com/file/d/1CwS5xvWxlrkDYNptxnpf3d2agTjNw8la/view?usp=sharing"
"2017";"19";"";"CORPO DE BOMBEIROS MILITAR DO ESTADO DE MINAS GERAIS";"PREFEITURA MUNICIPAL DE PIUMHI";"Estabelecimento de condições de cooperação mútua entre os convenentes, visando a execução, pelo CBMMG/1ª CIA. IND. BM, dos serviços de prevenção e combate a incêndios, buscas e salvamentos, resgate e defesa civil no Município de Piumhi e região.";"2021-01-01";"2021-12-31";"ENCERRADO";"https://drive.google.com/file/d/1Ji_vZ9jObGYn6NBeR2Wba9R0YY66NJAQ/view?usp=sharing"
"2021";"1";"";"CORPO DE BOMBEIROS MILITAR DO ESTADO DE MINAS GERAIS";"PREFEITURA MUNICIPAL DE FRUTAL";"Estabelecimento de condições de
cooperação mútua entre os partícipes, a fim de possibilitar a integração da
Coordenadoria Municipal de Proteção e Defesa civil – COMPDEC e o Corpo de
Bombeiros Militar de Minas Gerais – CBMMG na gestão, gerenciamento,
coordenação e execução das ações de Defesa Civil no Município de Frutal.";"2024-06-11";"2028-06-11";"VIGENTE";"https://drive.google.com/file/d/1B4H0e2jX5svN54KHL_wS_dZLu3uY6jtN/view?usp=sharing"
"2018";"6220";"";"CORPO DE BOMBEIROS MILITAR DO ESTADO DE MINAS GERAIS";"PREFEITURA MUNICIPAL DE ALEM PARAIBA";"Cooperação Mútua entre o Município de Além Paraíba/MG e o Corpo de Bombeiros Militar de Minas Gerais, visando a instalação de um Posto avançado de Bombeiros Militar no Município de Além Paraíba e região.";"2021-05-10";"2022-05-09";"ENCERRADO";"https://drive.google.com/file/d/1UhkD9V1jtgjsHDTS-IuK3_gEDaBC2Syd/view?usp=sharing"
"2026";"3";"";"CORPO DE BOMBEIROS MILITAR DO ESTADO DE MINAS GERAIS";"PREFEITURA MUNICIPAL DE LAGOA SANTA";"O estabelecimento de condições de cooperação mútua entre os convenentes, visando à execução pelo CBMMG, dos serviços de prevenção e de combate a incêndio, busca e salvamento, resgate e defesa civil no Município e região, bem como o desenvolvimento das ações por parte do Município de Lagoa Santa para a instalação da futura sede da Fração do Corpo de Bombeiros Militar no município.";"2021-07-08";"2022-07-07";"ENCERRADO";"https://drive.google.com/file/d/1D5rfOTSylZlUNCzFlp1z9LVEwNZbcA-C/view?usp=sharing"
"2020";"4049";"";"CORPO DE BOMBEIROS MILITAR DO ESTADO DE MINAS GERAIS";"PREFEITURA MUNICIPAL DE BELO HORIZONTE";"Oferta de treinamentos em ambiente virtual, que se realizará por meio do estabelecimento de vínculo de cooperação técnica entre as partes signatárias, com a finalidade de Prevenção e Combate a Incêndios em Canaviais, proporcionando aos instruendos condições técnicas para o combate aos princípios de incêndios e ao CBMMG um combate mais efetivo.";"2020-10-08";"2022-10-07";"ENCERRADO";"https://drive.google.com/file/d/1__sLZ3ZmQxJfIsUZmfTeA3vcF-pSHnJN/view?usp=sharing"
"2018";"6229";"";"CORPO DE BOMBEIROS MILITAR DO ESTADO DE MINAS GERAIS";"PREFEITURA MUNICIPAL DE CURVELO";"Estabelecimento de condições de cooperação mútua entre os convenentes, visando à execução, pelo CBMMG, dos serviços de Prevenção e de Combate a Incêndio, Busca e Salvamento, Resgate e Defesa Civil no município de Curvelo e região.";"2020-11-01";"2022-10-31";"ENCERRADO";"https://drive.google.com/file/d/15hbKF4d4vbx1le9QgFZTTJJM_fbSlinm/view?usp=sharing"
"2017";"6210";"";"CORPO DE BOMBEIROS MILITAR DO ESTADO DE MINAS GERAIS";"PREFEITURA MUNICIPAL DE SALINAS";"Estabelecimento de condições de cooperação mútua entre os convenentes, visando à execução pelo CBMMG, dos Serviços de Prevenção e de Combate a Incêndio e pânico, Busca e Salvamento, atendimento pré-hospitalar (Resgate) e Defesa Civil no Município de Salinas/MG e região, bem como o desenvolvimento das ações por parte da Prefeitura Municipal de Salinas/MG para a edificação e instalação da futura Fração do Corpo de Bombeiros Militar.";"2021-11-02";"2022-11-02";"ENCERRADO";"https://drive.google.com/file/d/1JoHSMoRnxXBf3-GAtYABOQXO4Fy67Rf8/view?usp=sharing"
"2020";"55";"";"CORPO DE BOMBEIROS MILITAR DO ESTADO DE MINAS GERAIS";"PREFEITURA MUNICIPAL DE UBERABA";"Promoção de ações e atividades do ora partícipe conveniado para assistência médica´veterinária aos semoventes pertencentes 8º Batalhão do Corpo de Bombeiros Militares de Minas Gerais instalada no endereço alhures mensurado, em contrapartida, sempre que demandado pelo partícepe conveniado o partícipe convenente deverá disponibilizar os semoventes para doação de sangue.";"2020-05-26";"2022-11-25";"ENCERRADO";"https://drive.google.com/file/d/1sYirRWyqitN-DsUvBk4j9OorGbnX0kyR/view?usp=sharing"
"2020";"1";"";"CORPO DE BOMBEIROS MILITAR DO ESTADO DE MINAS GERAIS";"PREFEITURA MUNICIPAL DE CAPELINHA";"Estabelecer as interações do CBMMG e do Município de Capelinha/MG, em firmar um Instrumento Público Específico, com vistas à execução pelo CBMMG, dos Serviços de Prevenção e de Combate a Incêndio, Busca e Salvamento, Atendimento Pré-hospitalar (Resgate) e Defesa Civil no Município, impondo assim condições para que o CBMMG preste serviços de qualidade na região, mediante a construção da sede de Fração BM na cidade de Capelinha a cargo da Prefeitura Municipal, que deverá ocorrer no prazo de 12 (doze) meses após a aasinatura deste instrumento.";"2025-07-24";"2026-07-23";"ENCERRADO";"https://drive.google.com/file/d/1p5ls_g-Fa6x0KFatcqq8ZYlc5Q5uibaZ/view?usp=sharing"
"2017";"6";"";"CORPO DE BOMBEIROS MILITAR DO ESTADO DE MINAS GERAIS";"PREFEITURA MUNICIPAL DE JUATUBA";"Estabelecimento de condições de cooperação mútua entre os convenentes, visando a execução pelo CBMMG dos serviços de Prevenção e Combate a Incêndio, Busca e Salvamento, Resgate e Defesa Civil no município de Juatuba e região.";"2022-03-08";"2023-03-08";"ENCERRADO";"https://drive.google.com/file/d/1cGt94cbYvbl9lUe_x8CgA7hao_AZDdnp/view?usp=sharing"
"2022";"6";"";"CORPO DE BOMBEIROS MILITAR DO ESTADO DE MINAS GERAIS";"PREFEITURA MUNICIPAL DE FORTALEZA DE MINAS";"Estabelecimento de condições de cooperação mútua entre os convenentes, visando à execução pelo CBMMG, dos Serviços de Prevenção e de Combate a Incêndio, Buscas e Salvamento, Resgate e Defesa Civil no município de Fortaleza de Minas/MG e região.";"2023-08-30";"2025-08-30";"ENCERRADO";"https://drive.google.com/file/d/1X9Xvs5_SHS48CD88bsdMEqDTzdCdpyFJ/view?usp=sharing"
"2021";"248";"";"CORPO DE BOMBEIROS MILITAR DO ESTADO DE MINAS GERAIS";"PREFEITURA MUNICIPAL DE UBERLANDIA";"Prorrogar o prazo do convênio e substituição da autoridade competente do CBMMG";"2021-01-01";"2023-04-23";"ENCERRADO";"https://drive.google.com/file/d/13Vq6cBr4gqppT5JmDbxj95lOycaLXs3z/view?usp=sharing"
"2022";"2";"";"CORPO DE BOMBEIROS MILITAR DO ESTADO DE MINAS GERAIS";"PREFEITURA MUNICIPAL DE ITAOBIM";"O estabelecimento de condições de cooperação mútua entre os convenentes, visando a execução pelo CBMMG, dos Serviços de Prevenção e de Combate a Incêndios, Buscas e Salvamentos, Resgates, Prevenção de Acidentes e Defesa Civil no município de Itaobim/MG e região, conforme plano de trabalho anexo a este instrumento.";"2026-02-23";"2027-02-22";"VIGENTE";"https://drive.google.com/file/d/1iZ5Fjpt1u-TcJjc4eLI0-AC8ieEUEA7g/view?usp=sharing"
"2021";"8";"";"CORPO DE BOMBEIROS MILITAR DO ESTADO DE MINAS GERAIS";"PREFEITURA MUNICIPAL DE MARIANA";"Estabelecimento de condições de cooperação mútua entre os convenentes, visando à execução pelo CBMMG, dos Serviços de Prevenção e de Combate a Incêndio, Busca e Salvamento, Resgate e Defesa Civil no Município de Mariana e região, bem como o desenvolvimento das ações por parte da Prefeitura Municipal de Mariana para a edificação e instalação da futura Fração do Corpo de Bombeiros Militar.";"2022-12-21";"2023-12-21";"ENCERRADO";"https://drive.google.com/file/d/1vumTiI4ZwmUx2f2BeiSr526_-WIh4wUp/view?usp=sharing"
"2022";"5";"";"CORPO DE BOMBEIROS MILITAR DO ESTADO DE MINAS GERAIS";"PREFEITURA MUNICIPAL DE UBA";"A conjugação de esforços, com atuação harmônica e sem intuito lucrativo, para a execução, pelo CBMMG, dos serviços de prevenção e de combate a incêndio, busca e salvamento, resgate e defesa civil no município e região, bem como, o desenvolvimento das ações por parte da Prefeitura Municipal Ubá, conforme Plano de Trabalho, devidamente aprovado pelos partícipes e parte integrante deste instrumento, para todos os fins de direito, na condição de seu anexo.";"2023-01-11";"2024-01-10";"ENCERRADO";"https://drive.google.com/file/d/1p_TC0KIt4bLHBck6SNyfqaUhu-sj3Qi5/view?usp=sharing"
"2022";"1";"";"CORPO DE BOMBEIROS MILITAR DO ESTADO DE MINAS GERAIS";"PREFEITURA MUNICIPAL DE FRUTAL";"O presente Termo de Convênio tem por objeto cooperação mútua entre os convenentes,
visando à execução pelo CBMMG, dos serviços de prevenção e combate a incêndio, busca e
salvamento, resgate e defesa civil no Município de Frutal e região.";"2022-07-01";"2028-07-01";"VIGENTE";"https://drive.google.com/file/d/1nQARMDu7_Ohisk8h_2GDWMEtS6aQkIc0/view?usp=sharing"
"2022";"S/N";"";"CORPO DE BOMBEIROS MILITAR DO ESTADO DE MINAS GERAIS";"PREFEITURA MUNICIPAL DE IBIRITE";"O estabelecimento de condições de cooperação mútua entre os convenentes, para funcionamento de unidade BM no município, visando melhoria na execução pelo CBMMG, dos serviços de prevenção e de combate a incêndio, busca e salvamento, resgate e defesa civil no Município de Ribeirão das Neves e Região.";"2019-02-11";"2024-02-11";"ENCERRADO";"https://drive.google.com/file/d/1PEP-K04F23zVVyNJVVoEf4QQYuPDshj9/view?usp=sharing"
"2021";"3";"";"CORPO DE BOMBEIROS MILITAR DO ESTADO DE MINAS GERAIS";"PREFEITURA MUNICIPAL DE MURIAE";"O estabelecimento de condições de cooperação mútua entre os convenentes, visando à execução pelo CBMMG, dos Serviços de Prevenção e de Combate a Incêndio e pânico, Busca e Salvamento, atendimento pré-hospitalar (Resgate) e Defesa Civil no Município de Muriaé e região, bem como o desenvolvimento das ações por parte da Prefeitura Municipal de Muriaé para apoio à manutenção ininterrupta dos serviços do CBMMG.";"2021-07-09";"2026-07-08";"ENCERRADO";"https://drive.google.com/file/d/1YFKHkqC7m7ANkCf1cCsCnycDSzFl8K4x/view?usp=sharing"
"2019";"9";"";"CORPO DE BOMBEIROS MILITAR DO ESTADO DE MINAS GERAIS";"PREFEITURA MUNICIPAL DE BELO HORIZONTE";"Estabelecimento de diretrizes para regulação das ações e da coordenação dos atendimentos a ocorrências e emergências pré-hospitalares na Macrorregião Nordeste e Jequitinhonha de Minas Gerais, composta pelos municípios da área de atuação do CISNORJE, do 4º Comando Operacional de Bombeiros, do 5º Comando Operacional de Bombeiros e do Batalhão de Operações Aéreas.";"2019-03-13";"2024-03-12";"ENCERRADO";"https://drive.google.com/file/d/11hrH23BIt9oowkszFJrUYl2gSjlly_UA/view?usp=sharing"
"2021";"6";"";"CORPO DE BOMBEIROS MILITAR DO ESTADO DE MINAS GERAIS";"PREFEITURA MUNICIPAL DE DIAMANTINA";"Estabelecimento de condições de cooperação mútua entre os convenentes, visando à execução pelo CBMMG dos Serviços de Prevenção e de Combate a Incêndio e pânico, Busca e Salvamento, atendimento pré-hospitalar (Resgate) e Defesa Civil no Município de Diamantina/MG e região, bem como, o desenvolvimento das ações por parte do MUNICÍPIO na reforma do Prédio situado na Rua Neco Amorim, n° 20 e Rua do Bicame, nº 751, Bairro Bicame, Diamantina – Minas Gerais, com vistas à INSTALAÇÃO DA 6ª COMPANHIA INDEPENDENTE DE BOMBEIROS MILITAR DE DIAMANTINA/MG, e, viabilizando a liberação da edificação atualmente ocupada, que é Patrimônio Ferroviário Nacional e está inserida dentro das 2 ações Piloto do Programa REVIVE do Governo Federal.";"2023-05-22";"2024-05-21";"ENCERRADO";"https://drive.google.com/file/d/1Kt9-We98TpDVoRvWTW9pYKGPazOBHYuJ/view?usp=sharing"
"2019";"4001";"";"CORPO DE BOMBEIROS MILITAR DO ESTADO DE MINAS GERAIS";"PREFEITURA MUNICIPAL DE SAO FRANCISCO DO GLORIA";"Estabelecimento de condições de cooperação mútua entre os convenentes, visando à execução pelo CBMMG, dos Serviços de Prevenção e de Combate a Incêndio e pânico, Busca e Salvamento, atendimento pré-hospitalar (Resgate) e Defesa Civil no Município de São Francisco do Glória e região, bem como odesenvolvimento das ações por parte da Prefeitura Municipal de São Francisco do Glória para apoio à manutenção ininterrupta dos serviços do CBMMG.";"2023-06-01";"2024-05-31";"ENCERRADO";"https://drive.google.com/file/d/1K3DFCoOeUet9IdJbD9SL7vmpVroCoTfr/view?usp=sharing"
"2019";"S/N";"";"CORPO DE BOMBEIROS MILITAR DO ESTADO DE MINAS GERAIS";"PREFEITURA MUNICIPAL DE GOVERNADOR VALADARES";"Estabelecimento de condições de cooperação mútua entre os convenentes, visando a liberação do espaço da Sociedade Recreativa Filadélfia para realização de atividades físicas do Sexto Batalhão de Bombeiros militar.";"2022-08-28";"2024-08-27";"ENCERRADO";"https://drive.google.com/file/d/1tEFJpQqTdU7OXz5wfbJyUWNCR_Pe3QDm/view?usp=sharing"
"2023";"1";"";"CORPO DE BOMBEIROS MILITAR DO ESTADO DE MINAS GERAIS";"PREFEITURA MUNICIPAL DE GUANHAES";"Estabelecimento de condições de cooperação de coordenação mútua entre os convenentes, visando a utilização do espaço da Unidade Militar na cidade de Guanhãoes para a operacionalização do SAMU municipal.";"2023-03-27";"2028-03-27";"VIGENTE";"https://drive.google.com/file/d/1grUMxktw5omFsGhJIbmxSPG4iPupOwqI/view?usp=sharing"
"2019";"4004";"";"CORPO DE BOMBEIROS MILITAR DO ESTADO DE MINAS GERAIS";"PREFEITURA MUNICIPAL DE VICOSA";"Cooperação técnica e gratuita, através da cessão do espaço para instalação de uma repetidora pertencente ao CBMMG, de forma a permitir ao Corpo de Bombeiros Militar de Minas Gerais, exercer suas atividades constitucionais no município de Viçosa, contribuindo para a ampliação da segurança da população local, atendendo desta forma, aos interesses comuns dos convenentes.";"2019-12-31";"2024-12-12";"ENCERRADO";"https://drive.google.com/file/d/1vo5VvD68L0cv7ENeNZ9O0nfuUJiAtYJc/view?usp=sharing"
"2022";"5401";"";"CORPO DE BOMBEIROS MILITAR DO ESTADO DE MINAS GERAIS";"PREFEITURA MUNICIPAL DE CURVELO";"Estabelecimento de condições de cooperação mútua entre os convenentes, visando à execução, pelo CBMMG, dos serviços de Prevenção e de Combate a Incêndio, Busca e Salvamento, Resgate e defesa Civil no município de Curvelo e região.";"2022-12-22";"2024-12-22";"ENCERRADO";"https://drive.google.com/file/d/1kWxgujezahIzjs6jz2x3nYzc_IYxovlR/view?usp=sharing"
"2025";"114";"";"CORPO DE BOMBEIROS MILITAR DO ESTADO DE MINAS GERAIS";"PREFEITURA MUNICIPAL DE UBERLANDIA";"ConsƟtui objeto deste convênio o estabelecimento de condições de cooperação mútua  entre os Convenentes, a fim de possibilitar a integração da Coordenadoria Municipal de Proteção e  Defesa Civil – COMDEC – e o Corpo de Bombeiros Militar de Minas Gerais – CBMMG na gestão, gerenciamento, coordenação e execução das ações de Defesa Civil no Município de Uberlândia, e ainda, a unificação e condensação das informações, para que as ações sejam tomadas de forma arƟculada e integrada, promovendo condições de cooperação entre os Convenentes no planejamento, 
coordenação e execução de aƟvidades de Defesa Civil, na integração das aƟvidades de prevenção e combate de incêndio, alagamentos, salvamento e outros sinistros de Defesa Civil no Município de Uberlândia.";"2022-08-02";"2024-12-31";"ENCERRADO";"https://drive.google.com/file/d/1HdEMlzUXp_O1DdIn-00jXstb7N-T0Rv7/view?usp=sharing"
"2024";"34";"";"CORPO DE BOMBEIROS MILITAR DO ESTADO DE MINAS GERAIS";"PREFEITURA MUNICIPAL DE UBERLANDIA";"O presente Convênio tem por objeto o estabelecimento de condições de cooperação mútua entre o Município de Uberlândia e o Estado de Minas Gerais, por intermédio do Corpo de Bombeiros Militar de Minas Gerais – CBMMG, na coordenação e execução dos serviços de atendimento pré-hospitalar móvel no Município de Uberlândia.";"2022-04-19";"2024-12-31";"ENCERRADO";"https://drive.google.com/file/d/1PZ2M_LVvT7QPzIPwdoJMZACwnE6yiCxe/view?usp=sharing"
"2023";"2.05.0.0.1";"";"CORPO DE BOMBEIROS MILITAR DO ESTADO DE MINAS GERAIS";"PREFEITURA MUNICIPAL DE UBERLANDIA";"O presente convênio tem por objeto o estabelecimento de condições de cooperação mútua entre os convenentes, com o fito de proporcionar a execução pelo CBMMG/5º BBM e pela Prefeitura Municipal de Uberlândia, de atividades referentes ao projeto de responsabilidade social bombeiro mirim que se trata de uma ação ensino/social que tem como objetivo oferecer a 50 (cinquenta) crianças adolescentes na faixa etária entre os 08 (oito) e 16 (dezesseis) anos, matriculados nos Núcleos de Apoio Integral à Criança e ao Adolescente (NAICA), a inserção na cultura de prevenção e defesa civil, da vida, civismo, patriotismo, meio ambiente, prevenção às drogas, primeiros socorros, prevenção a acidentes domésticos e de trânsito, dentre outros, a serem executados e/ou coordenados pelo Corpo de Bombeiros Militares do 5º BBM.";"2024-06-15";"2024-12-31";"ENCERRADO";"https://drive.google.com/file/d/1xsr2sBYwhVfQHYgW4nuXUBSbi2ddYQRf/view?usp=sharing"
"2022";"12";"";"CORPO DE BOMBEIROS MILITAR DO ESTADO DE MINAS GERAIS";"PREFEITURA MUNICIPAL DE SACRAMENTO";"Consiste no estabelecimento de condições de
cooperação mútua entre os partícipes, visando a prestação de serviços
pré-hospitalares móveis com guarnições mistas entre CBMMG de
Sacramento (8º BBM / 2ª CIA / 2º PELOTÃO) e profissionais da
Secretaria de Saúde de Sacramento/MG, através da criação do SIATE193.";"2022-07-02";"2024-12-31";"ENCERRADO";"https://drive.google.com/file/d/1qVPsL_n78q4cATaEwFd9VzvRqH3q2pi7/view?usp=sharing"
"2021";"62";"";"CORPO DE BOMBEIROS MILITAR DO ESTADO DE MINAS GERAIS";"PREFEITURA MUNICIPAL DE LIMEIRA DO OESTE";"Cooperação mútua entre os convenentes visando a
execução dos serviços de prevenção e de combate a incêndio, busca e
salvamento, resgate e ações de defesa civil no município de Limeira
do Oeste e região";"2024-10-14";"2024-12-31";"ENCERRADO";"https://drive.google.com/file/d/1CNJ0-EzaiG-pb25fjSfbYEMhA9FIaWK8/view?usp=sharing"
"2021";"2";"";"CORPO DE BOMBEIROS MILITAR DO ESTADO DE MINAS GERAIS";"PREFEITURA MUNICIPAL DE ITUIUTABA";"Cooperação mútua entre os convenentes, visando a execução,
pelo CBMMG/5º BBM, dos Serviços de Prevenção e de Combate a
Incêndio, Busca e Salvamento, Resgate e Ações de Defesa Civil no
Município de Araporã-MG e região, e prorrogar o prazo de vigência
por mais 12 (doze) meses a partir de 07/10/22 substituindo o Plano de
Trabalho originário";"2021-04-01";"2024-12-31";"ENCERRADO";"https://drive.google.com/file/d/1XowOcarlxIVdPqvaDeBuTc9K2BaGim8x/view?usp=sharing"
"2019";"7";"";"CORPO DE BOMBEIROS MILITAR DO ESTADO DE MINAS GERAIS";"PREFEITURA MUNICIPAL DE TOCANTINS";"Cooperação mútua entre o Município de Tocantins/MG e o Corpo de Bombeiros Militar de Minas Gerais, visando à promoção das ações de proteção e defesa civil, estabelecidas pela Política Nacional de Defesa Civil através da Lei Federal nº 12.608/2012.Constitui-se ainda objeto, deste convênio, a mútua cooperação visando ao cumprimento da Lei Estadual 14.130/2001 e Lei Federal nº 13.425/2017, no que se refere as ações de prevenção e combate a incêndio e a desastres e apoio nas ações de competência do CBMMG no município de Tocantins/MG e região.";"2023-01-24";"2024-12-31";"ENCERRADO";"https://drive.google.com/file/d/1FHYsz_PQk7Kv3SXKmBt5OJW2_nhO52Pb/view?usp=sharing"
"2019";"4002";"";"CORPO DE BOMBEIROS MILITAR DO ESTADO DE MINAS GERAIS";"PREFEITURA MUNICIPAL DE UBA";"Desenvolvimento do Projeto “Promoção das ações de Proteção e Defesa Civil”, pelo Corpo de Bombeiros Militar de Minas Gerais, em parceria com a Defesa Civil do município de Ubá, buscando o fortalecimento da resiliência local, em conformidade com os objetivos da Política Nacional de Proteção e Defesa Civil estabelecidos pela Lei Federal nº 12.608/2012.";"2020-02-12";"2025-02-12";"ENCERRADO";"https://drive.google.com/file/d/11qE5fLePo0SJpAe6rGqJ2DSX7EAnwCb9/view?usp=sharing"
"2022";"5402";"";"CORPO DE BOMBEIROS MILITAR DO ESTADO DE MINAS GERAIS";"PREFEITURA MUNICIPAL DE SETE LAGOAS";"Cooperação administrativa, técnica, financeira e operacional entre os convenentes, visando a manutenção da 5ª Companhia Independente do Corpo de Bombeiros (Sete Lagoas) no imóvel cedido pelo MUNICÍPIO, bem como a execução, pelo CBMMG, dos serviços de Prevenção e Combate a Incêndio, Busca e Salvamento, Resgate, Atendimento Pré-Hospitalar e Defesa Civil em conjunto com as instituições envolvidas no MUNICÍPIO.";"2023-03-09";"2025-03-09";"ENCERRADO";"https://drive.google.com/file/d/1pusbXStdwTYplIwQulWlxGLEHtwx3rFl/view?usp=sharing"
"2020";"2";"";"CORPO DE BOMBEIROS MILITAR DO ESTADO DE MINAS GERAIS";"PREFEITURA MUNICIPAL DE PASSOS";"Estabelecimento de condições de cooperação mútua entre os convenentes, visando o desenvolvimento pelo CBMMG do seguinte Projeto de Responsabilidade Social: - Bombeiro Mirim.";"2020-11-24";"2025-11-23";"ENCERRADO";"https://drive.google.com/file/d/1jqE0yZZQ2Xs4Yt4DsjURknNx_A_TZD9c/view?usp=sharing"
"2024";"212151";"";"CORPO DE BOMBEIROS MILITAR DO ESTADO DE MINAS GERAIS";"PREFEITURA MUNICIPAL DE PATROCINIO";"Estabelecimento de condições mútuas entre os convenentes, visando à reforma geral, com recursos do município de Patrocínio, do quartel do 5º Pelotão, da 1ª Companhia, do 12º Batalhão de Bombeiros Militar, a fim que o CBMMG preste serviços de prevenção e combate à incêndios, busca e salvamento, resgate, proteção e defesa civil no referido município.";"2024-06-05";"2025-06-04";"ENCERRADO";"https://drive.google.com/file/d/1iEbOspDaXaYxJTXv7Ie56kjJQNIxpPWI/view?usp=sharing"
"2024";"1";"";"CORPO DE BOMBEIROS MILITAR DO ESTADO DE MINAS GERAIS";"PREFEITURA MUNICIPAL DE ALEM PARAIBA";"Cooperação técnica e gratuita, através da cessão do espaço em site de telecomunicações para instalação de uma repetidora de rádio digital pertencente ao CBMMG, de forma a permitir ao Corpo de Bombeiros Militar de Minas Gerais, exercer suas atividades de defesa civil, prevenção, combate a incêndios, buscas, salvamento e socorros no município de Além Paraíba, contribuindo para a ampliação da cobertura e melhoria na qualidade da rede de radiocomunicação do CBMMG, permitindo assim um melhor gerenciamento nos atendimento às ocorrências, atendendo desta forma aos interesses comuns dos partícipes.";"2024-03-02";"2049-03-01";"VIGENTE";"https://drive.google.com/file/d/1b00-1qAtJdop7zRqq6te1Cm0Ug01_ncu/view?usp=sharing"
"2020";"4";"";"CORPO DE BOMBEIROS MILITAR DO ESTADO DE MINAS GERAIS";"PREFEITURA MUNICIPAL DE ALMENARA";"O estabelecimento de condições de cooperação mútua entre os convenentes, visando à execução pelo CBMMG, dos Serviços de Prevenção e de Combate a Incêndio, Busca e Salvamento, Resgate e Defesa Civil no Município de Almenara/MG e região.";"2020-07-16";"2025-07-15";"ENCERRADO";"https://drive.google.com/file/d/1GDCmBAJa82cxcLvRdByFZs_x7YRenk6-/view?usp=sharing"
"2020";"2020";"";"CORPO DE BOMBEIROS MILITAR DO ESTADO DE MINAS GERAIS";"PREFEITURA MUNICIPAL DE ITABIRITO";"O estabelecimento de condições de cooperação mútua entre os convenentes, visando à criação, manutenção e o credenciamento da Brigada Municipal de Itabirito, para execução dos serviços de prevenção e combate a incêndio e atendimento a emergências, conforme prescreve o § 2º do artigo 3º da Lei Federal nº 13.425/2017 c/c o caput do artigo 32 da Portaria do CBMMG nº 33/2018.";"2020-07-29";"2025-07-29";"ENCERRADO";"https://drive.google.com/file/d/11RA83EmalOE7naOIpIRsvjLHpOEyakEs/view?usp=sharing"
"2023";"2";"";"CORPO DE BOMBEIROS MILITAR DO ESTADO DE MINAS GERAIS";"PREFEITURA MUNICIPAL DE ARAPORA";"Cooperação mútuaentre os convenentes, visando a execução,
pelo CBMMG/5º BBM, dos Serviços de Prevenção e de Combate a
Incêndio, Busca e Salvamento, Resgate e Ações de Defesa Civil no
Município de Araporã-MG e região, e prorrogar o prazo de vigência
por mais 12 (doze) meses a partir de 07/10/22 substituindo o Plano de
Trabalho originário.";"2023-10-07";"2025-10-06";"ENCERRADO";"https://drive.google.com/file/d/1czydlHT-kxMla58euc_f5d8Vnny46Ap6/view?usp=sharing"
"2023";"3";"";"CORPO DE BOMBEIROS MILITAR DO ESTADO DE MINAS GERAIS";"PREFEITURA MUNICIPAL DE PATROCINIO";"Estabelecimento de condições de cooperação mútua entre os convenentes, visando à execução pelo CBMMG, dos serviços de teleatendimento do tridígito 199 com objetivo de atender aos anseios e as necessidades da sociedade no que tange as ocorrências de natureza de Defesa Civil, para uma melhor resposta às emergências do município frente aos eventos adversos em qualquer de sua natureza, podendo ser ela tecnológica ou natural, conforme a Classificação Brasileira de Desastres (COBRADE).";"2024-10-04";"2025-10-03";"ENCERRADO";"https://drive.google.com/file/d/1Z82PFxPId8UxfRV0QPJB7F0BF09V9JK_/view?usp=sharing"
"2022";"7";"";"CORPO DE BOMBEIROS MILITAR DO ESTADO DE MINAS GERAIS";"PREFEITURA MUNICIPAL DE ALFENAS";"Estabelecimento de condições de cooperação mútua entre os convenentes, visando à execução pelo CBMMG, dos Serviços de Prevenção e de Combate a Incêndio, Buscas e Salvamento, Resgate e Defesa Civil no município e região.";"2023-11-25";"2025-11-24";"ENCERRADO";"https://drive.google.com/file/d/1gEVE_JjIUv8Lb-2sFQFWrQ2s02gjuu_8/view?usp=sharing"
"2022";"3";"";"CORPO DE BOMBEIROS MILITAR DO ESTADO DE MINAS GERAIS";"PREFEITURA MUNICIPAL DE ROSARIO DA LIMEIRA";"Estabelecimento de condições de cooperação mútua entre os convenentes, visando à execução pelo CBMMG, dos serviços de prevenção e de combate a incêndio, busca e salvamento, resgate e defesa civil no município e região.";"2022-09-15";"2027-09-14";"VIGENTE";"https://drive.google.com/file/d/1FTiBjPcrc_Cs9QPycEIy_PCNU966CyOc/view?usp=sharing"
"2021";"13";"";"CORPO DE BOMBEIROS MILITAR DO ESTADO DE MINAS GERAIS";"PREFEITURA MUNICIPAL DE ARAXA";"Estabelecimento de condições de
cooperação mútua entre os convenentes, visando à execução pelo CBMMG, dos
Serviços de Prevenção e de Combate a Incêndios, Buscas e Salvamentos, Resgates e
Execução de Atividades de Defesa Civil no município de Araxá e região, visando ainda
à efetiva e cada vez melhor manutenção da ordem e da defesa social.";"2025-03-13";"2026-03-12";"ENCERRADO";"https://drive.google.com/file/d/1US5_vIvtdxsOSrvmnrpNaCwLvEUYNFqf/view?usp=sharing"
"2024";"2";"";"CORPO DE BOMBEIROS MILITAR DO ESTADO DE MINAS GERAIS";"PREFEITURA MUNICIPAL DE GUIDOVAL E RODEIRO";"Estabelecimento de condições de cooperação mútua entre os convenentes, visando à criação, manutenção e o credenciamento da Brigada Municipal de Rodeiro, para execução dos serviços de prevenção e combate a incêndio e atendimento a emergências.";"2024-04-16";"2026-04-15";"ENCERRADO";"https://drive.google.com/file/d/1-lp8O50d7mJUsjG2S-LKsTyiQzRHyLtB/view?usp=drive_link"
"2022";"44528385";"";"CORPO DE BOMBEIROS MILITAR DO ESTADO DE MINAS GERAIS";"PREFEITURA MUNICIPAL DE UBERABA";"Conjugação de esforços entre os entes
cooperados para realização do estudo de riscos existentes no município
de beraba, com objetivo de confeccionar planos de contingências e
mapas de riscos, para uma melhor resposta às emergências e aumento
da resiliência do município frente aos eventos adversos";"2024-05-10";"2026-05-09";"ENCERRADO";"https://drive.google.com/file/d/1LRnVtGlQvBmHLeLbunhHeltWJR1k7nRJ/view?usp=sharing"
"2021";"27";"";"CORPO DE BOMBEIROS MILITAR DO ESTADO DE MINAS GERAIS";"PREFEITURA MUNICIPAL DE SACRAMENTO";"Estabelecimento de condições de cooperação mútua entre os convenentes, visando à execução pelo CBMMG, dos Serviços de Prevenção e de Combate a Incêndios, Buscas e Salvamentos, Resgates e Execução de Atividades de Proteção e Defesa Civil no município de Sacramento MG e região, visando ainda à efetiva e cada vez melhor manutenção da ordem e da defesa social.";"2025-06-23";"2026-06-22";"ENCERRADO";"https://drive.google.com/file/d/1SQJQo6jo7i0Ctpe6Ku3aY0IEp7NB3xyZ/view?usp=sharing"
"2021";"47";"";"CORPO DE BOMBEIROS MILITAR DO ESTADO DE MINAS GERAIS";"PREFEITURA MUNICIPAL DE PARACATU";"Cooperação mútua entre os convenentes visando à manutenção do Pelotão do CBMMG para prestação de serviços de prevenção e combate a incêndio, busca e salvamento, resgate e defesa civil no Município de Paracatu e região.";"2025-07-01";"2026-06-30";"ENCERRADO";"https://drive.google.com/file/d/1gM7cTDlZVIgLSfQX1DLQDpngR20df6f7/view?usp=sharing"
"2024";"5060002";"";"CORPO DE BOMBEIROS MILITAR DO ESTADO DE MINAS GERAIS";"PREFEITURA MUNICIPAL DE GOVERNADOR VALADARES";"estabelecimento de condições de cooperação mútua entre os convenentes, visando a liberação de parte da estrutura do Clube Filadélfia, pertencente à Sociedade Recreativa Filadélfia, para realização de atividades físicas do Corpo de Bombeiros Militar de Minas Gerais (CBMMG).";"2024-07-23";"2026-07-22";"ENCERRADO";"https://drive.google.com/file/d/1HbDfQAResMSpR01QqhZmuHuKAElcXnur/view?usp=sharing"
"2024";"208222";"";"CORPO DE BOMBEIROS MILITAR DO ESTADO DE MINAS GERAIS";"PREFEITURA MUNICIPAL DE SANTA JULIANA";"O presente convênio tem por objeto o estabelecimento de condições de cooperação mútua entre os
convenentes visando a execução, pelo CBMMG / 8º BBM, dos serviços de prevenção e de combate a
incêndio, busca e salvamento, resgate e ações de defesa civil no Município de Santa Juliana e região.";"2025-07-23";"2026-07-22";"ENCERRADO";"https://drive.google.com/file/d/1PDsuFr4y0wUS7ZKJ9abg-bdXnjHCCO6q/view?usp=sharing"
"2024";"506172";"";"CORPO DE BOMBEIROS MILITAR DO ESTADO DE MINAS GERAIS";"PREFEITURA MUNICIPAL DE SAO JOAO EVANGELISTA";"Conjugação de esforços, com atuação harmônica e sem intuito lucrativo, para a execução, pelo CBMMG, dos serviços de prevenção e de combate a incêndio, busca e salvamento, resgate e defesa civil no município e região, bem como, o desenvolvimento das ações por parte da Prefeitura Municipal de São João Evangelista, conforme Plano de Trabalho, devidamente aprovado pelos partícipes e parte integrante deste instrumento, para todos os fins de direito, na condição de seu anexo.";"2025-07-24";"2026-07-23";"ENCERRADO";"https://drive.google.com/file/d/1OmLy1nYCZ3h4DGpVUxPHkMw9rzZwxssl/view?usp=sharing"
"2024";"24721";"";"CORPO DE BOMBEIROS MILITAR DO ESTADO DE MINAS GERAIS";"PREFEITURA MUNICIPAL DE CORACAO DE JESUS";"estabelecimento de condições de cooperação mútua entre os convenentes, visando a criação, manutenção e o credenciamento da Brigada Municipal de Coração de Jesus/MG, para execução dos serviços de prevenção e combate a incêndio e atendimento a emergências, conforme prescreve o § 2º do artigo 3º da Lei Federal nº 13.425/2017 c/c o caput do artigo 8º da Portaria do CBMMG nº 49 de 02 de julho de 2020.";"2024-02-27";"2026-08-26";"ENCERRADO";"https://drive.google.com/file/d/1KhUFAZRHjlASXRqET0z4Iry1QfOAWx78/view?usp=sharing"
"2025";"118275887";"";"CORPO DE BOMBEIROS MILITAR DO ESTADO DE MINAS GERAIS";"PREFEITURA MUNICIPAL DE MONTE CARMELO";"Estabelecer as intenções do CBMMG e do Município de Monte Carmelo/MG, de firmarem instrumento público específico com vista à execução 
dos serviços de prevenção e de combate a incêndio, busca e salvamento, resgate e defesa civil no referido, realizando-se dessa forma, condições imprescindíveis para que o CBMMG 
preste serviços de qualidade na região, inclusive com a construção da sede da Fração BM a cargo da Prefeitura Municipal, que deverá ocorrer no prazo de 12 meses após a assinatura";"2025-09-11";"2026-09-10";"VIGENTE";"https://drive.google.com/file/d/18Nv4E1rD_ToPZcRvFNNnS1F-SE5WXmfg/view?usp=sharing"
"2024";"54543";"";"CORPO DE BOMBEIROS MILITAR DO ESTADO DE MINAS GERAIS";"PREFEITURA MUNICIPAL DE VAZANTE";"O convênio tem por objeto o estabelecimento de condições de cooperação mútua entre os convenentes, visando a criação, manutenção e o credenciamento da Brigada Municipal de Vazante/MG, para execução dos serviços de prevenção e combate a incêndio e atendimento a emergências, conforme prescreve o §2ºdo artigo 3º da Lei Federal nº 13.425/2017 c/c o caput do artigo 8º da Portaria do CBMMG nº 49 de 02 de julho de 2020.";"2024-11-28";"2027-05-27";"VIGENTE";"https://drive.google.com/file/d/1tb23tn1t6XQ1ZBAevio_tV9JqoneiJqt/view?usp=sharing"
"2025";"1.17.0.0.2";"";"CORPO DE BOMBEIROS MILITAR DO ESTADO DE MINAS GERAIS";"PREFEITURA MUNICIPAL DE SETE LAGOAS";"o presente Convênio, em prol da finalidade pública, a provisão de pagamento de tarifas (água, energia elétrica e impostos do imóvel), manutenção do imóvel, reparos, pinturas, serviços de conservação, limpeza das dependências físicas do quartel, manutenção da parte hidráulica e elétrica do respectivo imóvel, fornecimento de material de escritório, informática, produtos de limpeza, manutenção de viaturas, fornecimento de combustíveis e lubrificantes.";"2025-09-17";"2026-09-16";"VIGENTE";"https://drive.google.com/file/d/1AuvrGTbIUJpKY2Zy1497lUKP11hqIj_C/view?usp=sharing"
"2025";"1";"";"CORPO DE BOMBEIROS MILITAR DO ESTADO DE MINAS GERAIS";"PREFEITURA MUNICIPAL DE POUSO ALEGRE";"O presente Termo de Cooperação Técnica tem por objetivo a integração das atividades inerentes à segurança pública junto ao Centro Integrado de Defesa Civil e Social e ao Sistema de Monitoramento Municipal (SIM). Deste modo, a Prefeitura de Pouso Alegre concede o acesso às câmeras de monitoramento do Município a 7ª Companhia Independente de Bombeiros Militar, através de software a ser disponibilizado e instalado na SOU da unidade.";"2025-05-31";"2029-05-30";"VIGENTE";"https://drive.google.com/file/d/1HqT0Lx2sRzlKSysYOcbU_Yd6GtnVBzHJ/view?usp=sharing"
"2022";"53993";"";"CORPO DE BOMBEIROS MILITAR DO ESTADO DE MINAS GERAIS";"PREFEITURA MUNICIPAL DE SALINAS";"Estabelecimento de condições de cooperação mútua entre os convenentes, visando a execução pelo CBMMG, dos serviços de Prevenção e de Combate a Incêndio e Pânico, Busca e Salvamento, Atendimento Pré-Hospitalar (Resgate) e Defesa Civil no Município de Salinas e região.";"2025-05-01";"2026-11-01";"VIGENTE";"https://drive.google.com/file/d/1dN1uJy6OPKQhDdilveQ7GsN0Hk5niPwZ/view?usp=sharing"
"2024";"613213";"";"CORPO DE BOMBEIROS MILITAR DO ESTADO DE MINAS GERAIS";"PREFEITURA MUNICIPAL DE PASSOS";"O objeto do convênio é o repasse de R$ 150.000,00 (cento e cinquenta mil reais), da Prefeitura Municipal de Passos ao Corpo de Bombeiros Militar de Minas Gerais. Esse repasse visa possibilitar ao Corpo de Bombeiros Militar a realização de licitação para a construção de cobertura metálica para a fração da 1ª Companhia Independente de Bombeiros Militar, a 2ª Companhia Operacional situada em Passos, para atender crianças, idosos, pessoas com deficiência e demais participantes dos projetos sociais, visando proporcionar um melhor atendimento à população.";"2024-11-20";"2026-11-19";"VIGENTE";"https://drive.google.com/file/d/1Wx_4WDCeOASpwJKYCFdijmdOXvTZtUYs/view?usp=drive_link"
"2025";"212003";"";"CORPO DE BOMBEIROS MILITAR DO ESTADO DE MINAS GERAIS";"PREFEITURA MUNICIPAL DE LAGOA FORMOSA";"Estabelecimento de condições de cooperação 
mútua entre os convenentes, visando à ampliação e operacionalização do Projeto Social Bombeiro Mirim 
do Décimo Segundo Batalhão de Bombeiros Militar na cidade de Patos de Minas/MG, com a inclusão de 
crianças do município de Lagoa Formosa.";"2025-12-02";"2026-12-01";"VIGENTE";"https://drive.google.com/file/d/1A4v7jbzOQYhBMAuFoSLPryoLHrkQhGCL/view?usp=sharing"
"2025";"29";"";"CORPO DE BOMBEIROS MILITAR DO ESTADO DE MINAS GERAIS";"PREFEITURA MUNICIPAL DE FRUTAL";"Termo de Fomento com município de Frutal - custeio e manutenção da Fração do Corpo de Bombeiros Militar de Minas Gerais – CBMMG na cidade de Frutal/MG, visando ao fortalecimento da capacidade operacional para a execução dos serviços de prevenção e combate a incêndios, busca, salvamento e resgate, assegurando a continuidade e a eficiência das ações de segurança pública em beneficio da coletividade";"2025-12-04";"2026-12-03";"VIGENTE";"https://drive.google.com/file/d/1vtNfl-I6k2cg0WV66w8aPy-EB7Bn0MAb/view?usp=sharing"
"2024";"208003";"";"CORPO DE BOMBEIROS MILITAR DO ESTADO DE MINAS GERAIS";"PREFEITURA MUNICIPAL DE UBERABA";"Estabelecimento de condições de cooperação mútua entre os partícipes, visando à integração do Serviço de Atendimento Móvel de Urgência - SAMU e Corpo de Bombeiros Militar de Minas Gerais - CBMMG na gestão, gerenciamento, coordenação e execução dos serviços assistenciais de atendimento Pré-Hospitalar móvel, no Município de Uberaba para situações envolvendo operações terrestres, com viabilidade de implantação de Central de Regulação Médica de Urgências integrada à Centro Integrado de Atendimento e Despacho - CIAD e estabelecimento de bases descentralizadas do SAMU nos pelotões do 8º BBM Sede, mediante termo aditivo a este instrumento; apoio e suporte para as atividades implementadas pelo Núcleo de Educação Permanente - NEP; apoio logístico e insumos para composição da Unidade de Resgate Mista. Definição de protocolos entre SAMU e 8º BBM para atendimento operacional e despacho de viaturas; estabelecimento de normas técnicas de atendimento Pré-Hospitalar móvel, em conformidade com a Portaria GM/MS nº 2.048, de 05 de novembro de 2002.";"2024-12-07";"2026-12-06";"VIGENTE";"https://drive.google.com/file/d/1Qe1_ee6rADBOOPvsyba7L7e4RAz77SCc/view?usp=sharing"
"2021";"9065";"";"CORPO DE BOMBEIROS MILITAR DO ESTADO DE MINAS GERAIS";"PREFEITURA MUNICIPAL DE ANDRADAS";"Estabelecimento de condições de cooperação mútua entre os convenentes, visando à execução pelo CBMMG, dos Serviços de Prevenção e de Combate a Incêndio, Busca e Salvamento, Atendimento Pré-Hospitalar (Resgate) e Defesa Civil no Município e região, bem como o desenvolvimento das ações por parte da Prefeitura Municipal de Andradas para a instalação e manutenção de Fração do Corpo de Bombeiros Militar.";"2023-12-18";"2026-12-17";"VIGENTE";"https://drive.google.com/file/d/1eoeHq8I5ylice0Hu3gyxHfPI9gtfsB4z/view?usp=sharing"
"2025";"20800125";"";"CORPO DE BOMBEIROS MILITAR DO ESTADO DE MINAS GERAIS";"PREFEITURA MUNICIPAL DE UBERABA";"Constitui objeto do presente convênio a conjugação de esforços, com atuação harmônica e sem intuito lucrativo para a execução, pelo CBMMG, dos
serviços de prevenção e de combate a incêndio, busca e salvamento, resgate e defesa civil no município e região, bem como o desenvolvimento das ações por parte do município de Uberaba, conforme Plano de Trabalho, devidamente aprovado pelos partícipes e parte integrante deste instrumento";"2025-05-27";"2026-12-31";"VIGENTE";"https://drive.google.com/file/d/1a9_jSfFt9UdnB74q8Y1lI8Cj7fO4aPhN/view?usp=sharing"
"2022";"9";"";"CORPO DE BOMBEIROS MILITAR DO ESTADO DE MINAS GERAIS";"PREFEITURA MUNICIPAL DE GUAXUPE";"Estabelecimento de condições de cooperação mútua entre os convenentes, visando à execução pelo CBMMG, dos Serviços de Prevenção e de Combate a Incêndio, Buscas e Salvamento, Resgate e Defesa Civil no município e região.";"2026-01-01";"2026-12-31";"VIGENTE";"https://drive.google.com/file/d/1HI4oMZtYvfQYTkE_CqWE_iIK_hUN9AhU/view?usp=sharing"
"2022";"8";"";"CORPO DE BOMBEIROS MILITAR DO ESTADO DE MINAS GERAIS";"PREFEITURA MUNICIPAL DE RESPLENDOR";"Estabelecimento de condições de cooperação mútua entre os conveniados, visando à execução pelo CBMMG, dos Serviços de Prevenção e de Combate a Incêndio, Busca e Salvamento, Resgate, Prevenção de Acidentes e Defesa Civil no Município de Resplendor/MG e região.";"2025-11-09";"2027-11-08";"VIGENTE";"https://drive.google.com/file/d/1VlUe9n907VjQ6HLMZpBGKhoPGFxiNqA4/view?usp=sharing"
"2022";"10";"";"CORPO DE BOMBEIROS MILITAR DO ESTADO DE MINAS GERAIS";"PREFEITURA MUNICIPAL DE SAO SEBASTIAO DO PARAISO";"Estabelecimento de condições de cooperação mútua entre os convenentes, visando à execução pelo CBMMG, dos Serviços de Prevenção e de Combate a Incêndio, Buscas e Salvamento, Resgate e Defesa Civil no município e região.";"2024-01-01";"2026-12-31";"VIGENTE";"https://drive.google.com/file/d/1z82kSSduqaYgFsX5BLFDWg6kgqmBplDx/view?usp=sharing"
"2021";"4";"";"CORPO DE BOMBEIROS MILITAR DO ESTADO DE MINAS GERAIS";"PREFEITURA MUNICIPAL DE CATAGUASES";"O estabelecimento de condições de cooperação mútua entre os convenentes, visando à execução pelo CBMMG, dos Serviços de Prevenção e de Combate a Incêndio e pânico, Busca e Salvamento, atendimento pré-hospitalar (Resgate) e Defesa Civil no Município de Cataguases e região, bem como o desenvolvimento das ações por parte da Prefeitura Municipal de Cataguases para apoio à manutenção ininterrupta dos serviços do CBMMG.";"2022-12-04";"2027-01-03";"VIGENTE";"https://drive.google.com/file/d/1-lp8O50d7mJUsjG2S-LKsTyiQzRHyLtB/view?usp=drive_link"
"2025";"613001";"";"CORPO DE BOMBEIROS MILITAR DO ESTADO DE MINAS GERAIS";"PREFEITURA MUNICIPAL DE POCOS DE CALDAS";"Conjugação de esforços para a execução, pelo CBMMG, dos serviços de prevenção e combate a incêndio, busca e salvamento, resgate e ações de defesa civil no Município e região, nos termos do plano de trabalho, por meio da Unidade do 6º Comando Operacional de Bombeiros, situado na Rua Rio de Janeiro, n.º 100, Centro, Poços de Caldas–MG e a Unidade da 1ª Companhia Independente de Bombeiros, situado na Rua São José, 383, Country Clube, Poços de Caldas–MG.";"2026-01-07";"2027-01-06";"VIGENTE";"https://drive.google.com/file/d/1GP14ka_HkhImC5jE5Yw-73J0C9gRtOaE/view?usp=sharing"
"2026";"S/N";"";"CORPO DE BOMBEIROS MILITAR DO ESTADO DE MINAS GERAIS";"PREFEITURA MUNICIPAL DE DIAMANTINA";"Estabelecimento de condições de cooperação mútua entre os convenentes, visando a execução pelo CBMMG nos serviços de prevenção e de combate a incêndios, busca e salvamento, atendimento pré-hospitalar (resgate) e defesa civil no Município de Diamantina e região.";"2026-02-28";"2027-02-27";"VIGENTE";"https://drive.google.com/file/d/1MtsOstxkBdjeRubX2M72ZpxfP9qlJxt_/view?usp=sharing"
"2025";"208182";"";"CORPO DE BOMBEIROS MILITAR DO ESTADO DE MINAS GERAIS";"PREFEITURA MUNICIPAL DE ITURAMA";"Estabelecimento de coondições de cooperação mútua entre os convenentes, visandoo a execução, pelo CBMMG/8º BBM, dos Serviçõs de Prevenção e de Combate a Incêndio, Busca e Salvamento, Resgate e Ações de Defesa Civil no Municipio de Iturama e região.";"2026-03-20";"2027-03-19";"VIGENTE";"https://drive.google.com/file/d/1CAynSqVEJKbcZe35P-kHJYvDLWnELUqf/view?usp=sharing"
"2025";"212303";"";"CORPO DE BOMBEIROS MILITAR DO ESTADO DE MINAS GERAIS";"PREFEITURA MUNICIPAL DE PATROCINIO";"Conjugação de esforços entre o município de Patrocínio 
e Estado de Minas Gerais, por intermédio do Corpo de Bombeiros Militar de Minas Gerais, visando a 
execução de obras de construção de piscina e reforma das instalações da Cia, bem como a implementação de 
ações educativas e de capacitação da comunidade com temas relacionadas á segurança, prevenção de 
acidentes, primeiros socorros e demais atividades correlatas";"2026-03-20";"2027-03-20";"VIGENTE";"https://drive.google.com/file/d/1f97CwGM2w-LxpUb_-s5fsIlddcQMi2se/view?usp=sharing"
"2023";"12";"";"CORPO DE BOMBEIROS MILITAR DO ESTADO DE MINAS GERAIS";"PREFEITURA MUNICIPAL DE BETIM";"o estabelecimento de condições de cooperação mútua entre os partícipes, sem fins lucrativos, com apoio administrativo pela parte interveniente, visando a prática, pelo CBMMG dos serviços de prevenção e combate a Incêndio, busca e salvamento, resgate e defesa civil, além de outras medidas de caráter didático social e pedagógico inerentes a competência institucional do órgão convenente, tais como treinamentos de brigadas, intercâmbio de materiais logísticos e operacionais com orgãos de defesa social do município, assessoria e operações conjuntas com a Defesa Civil Municipal, Guarda Municipal e SAMU, coordenação administrava e operacional nas ações de defesa social e realização de simulados";"2024-03-23";"2027-03-23";"VIGENTE";"https://drive.google.com/file/d/1AJGQloGbw26n3g4dqy0C4staI0QjhWA4/view?usp=sharing"
"2024";"418141";"";"CORPO DE BOMBEIROS MILITAR DO ESTADO DE MINAS GERAIS";"PREFEITURA MUNICIPAL DE TRES MARIAS";"Estabelecimento de condições de cooperação mútua entre os convenentes, visando a execução pelo CBMMG dos serviços de prevenção e de combate a incêndios, busca e salvamento, atendimento pré-hospitalar (resgate) e defesa civil no município de Três Marias e região.";"2025-06-22";"2027-06-21";"VIGENTE";"https://drive.google.com/file/d/1v9zBv5FTkfoNDipRkr5BHVrJpDpw1fK0/view?usp=sharing"
"2024";"1.03.0.0.1";"";"CORPO DE BOMBEIROS MILITAR DO ESTADO DE MINAS GERAIS";"PREFEITURA MUNICIPAL DE CAETE";"Estabelecer as intenções do CBMMG e do município de Caeté/MG, de firmarem instrumento público específico com vista à execução dos serviços de prevenção e de combate a incêndio, busca e salvamento, resgate e defesa civil no referido, realizando-se, dessa forma, condições imprescindíveis para que o CBMMG preste serviços de qualidade na região, inclusive com a construção da sede da Fração BM a cargo da Prefeitura Municipal";"2025-07-17";"2027-07-17";"VIGENTE";"https://drive.google.com/file/d/1iD8HPrAolhmW6cgeACNNm4oL6ozKJTRe/view?usp=sharing"
"2022";"4";"";"CORPO DE BOMBEIROS MILITAR DO ESTADO DE MINAS GERAIS";"PREFEITURA MUNICIPAL DE CAMPOS ALTOS";"Estabelecimento de condições
de cooperação mútua entre os convenentes, visando à execução,
pelo CBMMG/8º BBM, dos Serviços de Prevenção e de Combate a
Incêndio, Busca e Salvamento, Resgate e Ações de Defesa Civil no
Município e região";"2024-07-27";"2027-07-26";"VIGENTE";"https://drive.google.com/file/d/1A9gA_G4lAcgmQtMyUSok9oXx3Tg9fjCc/view?usp=sharing"
"2025";"619123";"";"CORPO DE BOMBEIROS MILITAR DO ESTADO DE MINAS GERAIS";"PREFEITURA MUNICIPAL DE ITAJUBA";"Estabelecimento de condições de cooperação mútua entre os
convenentes, visando à execução pelo CBMMG, dos serviços de prevenção e de combate a incêndio, busca e
salvamento, resgate e apoio à defesa civil no município e região.";"2025-08-09";"2027-08-08";"VIGENTE";"https://drive.google.com/file/d/1NoUr0A4SijPhN5uMbt3hesNKEaJHlOkt/view?usp=sharing"
"2025";"506171";"";"CORPO DE BOMBEIROS MILITAR DO ESTADO DE MINAS GERAIS";"PREFEITURA MUNICIPAL DE GUANHAES";"Estabelecimento de condições de cooperação mútua entre os convenentes, visando à execução pelo CBMMG, dos serviços de prevenção e de combate a incêndios, buscas e salvamentos, resgates e atividades de defesa civil no município de Guanhães e região, objetivando a efetiva manutenção da ordem e da defesa social.";"2025-10-21";"2027-10-20";"VIGENTE";"https://drive.google.com/file/d/1OxcZxwP2IR2NcY2cjfmyUZELh-hNMr_0/view?usp=sharing"
"2025";"2.05.2.2.1";"";"CORPO DE BOMBEIROS MILITAR DO ESTADO DE MINAS GERAIS";"PREFEITURA MUNICIPAL DE ITUIUTABA";"O estabelecimento de condições de cooperação mútua entre os convenentes, visando a execução, pelo CBMMG / 5º BBM, dos Serviços de Prevenção e de Combate a Incêndio, Busca e Salvamento, Resgate e Ações de Defesa Civil no Município de Ituiutaba e região.";"2025-12-13";"2028-01-12";"VIGENTE";"https://drive.google.com/file/d/144RbZlMrRYut7JUonkQrLcfFmUxcgVUM/view?usp=sharing"
"2023";"S/N";"";"CORPO DE BOMBEIROS MILITAR DO ESTADO DE MINAS GERAIS";"PREFEITURA MUNICIPAL DE GOVERNADOR VALADARES";"Estabelecimento de condições de cooperação mútua entre os convenentes, visando a realização de projetos de extensão e/ou estágio curricular e outras atividades não obrigatórias aos alunos dos cursos de graduação (enfermagem, fisioterapia e psicologia), no projeto social Bombeiro Sênior, desenvolvido no Pelotão de Emergências Ambientais e Resposta a Desastres (PEMAD), localizado a Rua Ametista, nº 390, bairro São Raimundo - Governador Valadares.";"2025-01-30";"2028-01-29";"VIGENTE";"https://drive.google.com/file/d/1mM9xXaYFG-y0qljhpY95ATW698nuoDUb/view?usp=sharing"
"2025";"21230125";"";"CORPO DE BOMBEIROS MILITAR DO ESTADO DE MINAS GERAIS";"PREFEITURA MUNICIPAL DE PATROCINIO";"Estabelecimento de coondições de cooperação mútua entre os convenentes, visandoo a execução, pelo CBMMG/12º BBM, dos Serviçõs de Prevenção e de Combate a Incêndio, Busca e Salvamento, Resgate e Ações de Defesa Civil no Municipio de Patrocínio e região";"2025-04-15";"2028-04-17";"VIGENTE";"https://drive.google.com/file/d/1AP9Gbkhw78YbeG2oBRObqzQWMeSMqgfr/view?usp=sharing"
"2024";"613212";"";"CORPO DE BOMBEIROS MILITAR DO ESTADO DE MINAS GERAIS";"PREFEITURA MUNICIPAL DE PASSOS";"Estabelecimento de condições de cooperação mútua entre os convenentes, visando à execução pelo CBMMG, dos Serviços de Prevenção e de Combate a Incêndio no aeroporto Municipal José Figueiredo, nos casos excepcionais de pouso e decolagem de autoridades municipais, estaduais e federais.";"2025-06-20";"2028-06-19";"VIGENTE";"https://drive.google.com/file/d/17ryzfE9_Ch-qqJdhdJAFF_z_pFm8oHyP/view?usp=sharing"
"2024";"212222";"";"CORPO DE BOMBEIROS MILITAR DO ESTADO DE MINAS GERAIS";"PREFEITURA MUNICIPAL DE PARACATU";"Estabelecimento de condições de cooperação mútua entre os convenentes, visando à execução pelo CBMMG / 2º COB / 12º BBM / 2ª Cia / 2º Pel, dos serviços de teleatendimento do tridígito 199 com objetivo de atender aos anseios e as necessidades da sociedade no que tange as ocorrências de natureza de Defesa Civil, para uma melhor resposta às emergências do município frente aos eventos adversos em qualquer de sua natureza, podendo ser ela tecnológica ou natural, conforme a Classificação Brasileira de Desastres (COBRADE).";"2025-07-09";"2028-07-08";"VIGENTE";"https://drive.google.com/file/d/1BKgnnjYCymsjhxS_BmyBFoF_mfLiP44d/view?usp=sharing"
"2025";"1.03.2.1.2/25";"";"CORPO DE BOMBEIROS MILITAR DO ESTADO DE MINAS GERAIS";"PREFEITURA MUNICIPAL DE LAGOA SANTA";"estabelecer condições de cooperação mútua entre os convenentes, visando à execução, pelo CBMMG, dos Serviços de Prevenção e de Combate a Incêndios, Buscas e Salvamentos, Resgates e Execução de Atividades de Proteção e Defesa Civil no município de Lagoa Santa MG, para a efetiva manutenção da ordem e da defesa social.";"2025-12-18";"2028-12-17";"VIGENTE";"https://drive.google.com/file/d/1TVMWjlg38pckxoJA5rzh1VxVQRFnx3RX/view?usp=sharing"
"2025";"2.08.2.0.3";"";"CORPO DE BOMBEIROS MILITAR DO ESTADO DE MINAS GERAIS";"PREFEITURA MUNICIPAL DE ARAXA";"O objeto do instrumento consiste no estabelecimento de cooperação entre o Município de Araxá / MG e o CBMMG, visando a instalação e funcionamento da Base Descentralizada do Serviço de Atendimento Móvel de Urgência (SAMU), integrada à sede da 2ª Companhia de Bombeiros Militar de Araxá, em cumprimento à integração do Consórcio Intermunicipal de Saúde da Rede de Urgência e Emergência da Macrorregião do Triângulo Sul - CISTRISUL.";"2025-05-17";"2028-12-31";"VIGENTE";"https://drive.google.com/file/d/1vqg8_laGF61cFHhQLEXnJvP3sCwU3Km6/view?usp=sharing"
"2025";"2.08.1.8.5/25";"";"CORPO DE BOMBEIROS MILITAR DO ESTADO DE MINAS GERAIS";"PREFEITURA MUNICIPAL DE CARNEIRINHO";"Estabelecimento de condições de cooperação mútua 
entre os convenentes, visando à execução pelo CBMMG, dos serviços de prevenção e de combate a 
incêndio, busca e salvamento, resgate e defesa civil no município e região.";"2026-01-01";"2028-12-31";"VIGENTE";"https://drive.google.com/file/d/1xoYti3c9wo0RDhVUSFsXH64o3q9_w13B/view?usp=sharing"
"2025";"2";"";"CORPO DE BOMBEIROS MILITAR DO ESTADO DE MINAS GERAIS";"PREFEITURA MUNICIPAL DE UBERLANDIA";"Estabelecimento de condições de cooperação mútua entre os convenentes, visando a coordenação e execução dos serviços de atendimento pré-hospitalar móvel no município de Uberlândia - SIATE";"2025-05-07";"2028-12-31";"VIGENTE";"https://drive.google.com/file/d/1vaOjlKk9njQ6glRJVW973yaqpz6GW_Dq/view?usp=sharing"
"2025";"S/N";"";"CORPO DE BOMBEIROS MILITAR DO ESTADO DE MINAS GERAIS";"PREFEITURA MUNICIPAL DE SACRAMENTO";"Estabelecimento de condições de cooperação entre o Município de Sacramento e o Corpo de Bombeiros Militar de Minas Gerais (CBMMG), visando à instalação e funcionamento da Base Descentralizada do Serviço de Atendimento Móvel de Urgência (SAMU), e do Sistema Integrado de Traumas e Emergência (SIATE), integrados à sede do 2º Pelotão de Bombeiros Militar de Sacramento. Este acordo cumpre os objetivos do Consórcio Intermunicipal de Saúde da Rede de Urgência e Emergência da Macrorregião do Triângulo Sul (CISTRISUL).";"2025-08-14";"2028-12-31";"VIGENTE";"https://drive.google.com/file/d/1AsSVwwcH58skxGLDLxmfDA1898aIkJ-Q/view?usp=sharing"
"2024";"3.04.2.2.1";"";"CORPO DE BOMBEIROS MILITAR DO ESTADO DE MINAS GERAIS";"PREFEITURA MUNICIPAL DE SAO FRANCISCO DO GLORIA";"Estabelecimento de condições de cooperação mútua entre os convenentes, visando à execução pelo CBMMG, dos serviços de prevenção e de combate a incêndio, busca e salvamento, resgate e defesa civil no município e região.";"2024-06-22";"2028-12-31";"VIGENTE";"https://drive.google.com/file/d/1hkKjaRuXHc_P0yle__Ws6QqUXuzjfmNS/view?usp=sharing"
"2022";"16";"";"CORPO DE BOMBEIROS MILITAR DO ESTADO DE MINAS GERAIS";"PREFEITURA MUNICIPAL DE RIBEIRAO DAS NEVES";"O presente convênio tem por objeto o estabelecimento de condições de cooperação mútua entre os convenentes, para funcionamento de unidade BM no município, visando melhoria na execução pelo CBMMG, dos serviços de prevenção e de combate a incêndio, busca e salvamento, resgate e defesa civil no Município de Ribeirão das Neves e Região.";"2025-01-01";"2028-12-31";"VIGENTE";"https://drive.google.com/file/d/1ULWEKE70o8P3XPjXablUJnuPucniWv-g/view?usp=sharing"
"2024";"2.12.2.1";"";"CORPO DE BOMBEIROS MILITAR DO ESTADO DE MINAS GERAIS";"PREFEITURA MUNICIPAL DE BURITIS";"Estabelecimento de condições de cooperação mútua entre os 
convenentes, visando à criação, manutenção e o credenciamento da Brigada Municipal de Buritis - MG, para 
execução dos serviços de prevenção e combate a incêndio e atendimento a emergências.";"2025-05-26";"2029-05-06";"VIGENTE";"https://drive.google.com/file/d/14_0PB_IKjrsPtCP8GkA4xWjR1fXuRQIa/view?usp=sharing"
"2024";"619001";"";"CORPO DE BOMBEIROS MILITAR DO ESTADO DE MINAS GERAIS";"PREFEITURA MUNICIPAL DE POUSO ALEGRE";"Convênio com repasse anual R$117.000,00, visando a execução pelo CBMMG, dos Serviços de Prevenção e de Combate a Incêndios, Buscas e Salvamentos, Resgate e Defesa Civil no município de Pouso Alegre – MG.";"2025-05-15";"2029-05-14";"VIGENTE";"https://drive.google.com/file/d/1hrjBiEGFDRP8BeoOPeCLIyeHhNOTpRHz/view?usp=sharing"
"2024";"506171";"";"CORPO DE BOMBEIROS MILITAR DO ESTADO DE MINAS GERAIS";"PREFEITURA MUNICIPAL DE SAO JOAO EVANGELISTA";"Cooperação técnica e gratuita, através da cessão do espaço em site de telecomunicações para instalação de uma repetidora de rádio digital pertencente ao CBMMG, de forma a permitir ao Corpo de Bombeiros Militar de Minas Gerais, exercer suas atividades de defesa civil, prevenção, combate a incêndios, buscas, salvamento e socorros no município de São João Evangelista, contribuindo para a ampliação da cobertura e melhoria na qualidade da rede de radiocomunicação do CBMMG, permitindo assim um melhor gerenciamento nos atendimento às ocorrências, atendendo desta forma aos interesses comuns dos convenentes.";"2024-06-27";"2029-06-26";"VIGENTE";"https://drive.google.com/file/d/1yFJpc9w25lNWS6290DSHz1d1AUJPcVRo/view?usp=sharing"
"2024";"1910003165";"";"CORPO DE BOMBEIROS MILITAR DO ESTADO DE MINAS GERAIS";"SECRETARIA ESTADUAL DE FAZENDA";"Constitui objeto deste Convênio a cooperação técnica, por meio da cessão, pela SEF/MG ao CBMMG, com ônus para o órgão de origem, do servidor Geraldo Francisco Marcelino, Oficial de Serviços Operacionais – OSO, MASP 906.407-2, para execução dos trabalhos condizentes com o item II, 1.1, do Anexo II da Lei Estadual nº 15.470/2005, proporcionando condições para que o Corpo de Bombeiros Militar de Minas Gerais desenvolva suas atividades institucionais.";"2024-06-28";"2029-06-28";"VIGENTE";"https://drive.google.com/file/d/1L88-0A2e4zvVwos38vs23RurmqpvhC67/view?usp=sharing"
"2024";"1.01.0.2.0.2";"";"CORPO DE BOMBEIROS MILITAR DO ESTADO DE MINAS GERAIS";"PREFEITURA MUNICIPAL DE MARIANA";"Estabelecimento de condições de cooperação mútua entre os convenentes, visando à execução pelo CBMMG, dos serviços de prevenção e de combate a incêndio, busca e salvamento, resgate e defesa civil no município e região.";"2025-08-03";"2029-08-02";"VIGENTE";"https://drive.google.com/file/d/1AqK3ogFZuJLFihI8AUnn0eOUPyZEtRLy/view?usp=sharing"
"2025";"619131";"";"CORPO DE BOMBEIROS MILITAR DO ESTADO DE MINAS GERAIS";"PREFEITURA MUNICIPAL DE EXTREMA";"Estabelecimento de condições de cooperação mútua entre os convenentes, com o fito de proporcionar a execução pelo CBMMG, dos Serviços de Prevenção e de Combate a Incêndio, Busca e Salvamento e Defesa Civil no Município de Extrema e região, bem como o atendimento Pré-Hospitalar (Resgate) em co-gestão pelas instituições envolvidas.";"2025-08-08";"2029-08-07";"VIGENTE";"https://drive.google.com/file/d/1wqXiaAgNOthHbawvqTU-w3xnl5ReSmYQ/view?usp=sharing"
"2024";"506003";"";"CORPO DE BOMBEIROS MILITAR DO ESTADO DE MINAS GERAIS";"PREFEITURA MUNICIPAL DE GOVERNADOR VALADARES";"Estabelecer condições para a promoção do ensino aos membros do 6º BBM, em busca da excelência na formação e capacitação dos bombeiros militares, no intuito de entregar à sociedade profissionais mais bem capacitados para o cumprimento de seu dever constitucional de salvar vidas e bens.";"2024-09-18";"2029-09-17";"VIGENTE";"https://drive.google.com/file/d/1TOesnuXsRJerOg2wyrysydn2ItBNmZzp/view?usp=sharing"
"2025";"506221";"";"CORPO DE BOMBEIROS MILITAR DO ESTADO DE MINAS GERAIS";"PREFEITURA MUNICIPAL DE ALMENARA";"O estabelecimento de condições de cooperação mútua entre os convenentes, visando à execução pelo CBMMG, dos Serviços de Prevenção e de Combate a Incêndio, Busca e Salvamento, Resgate e Defesa Civil no Município de Almenara/MG e região.";"2025-10-17";"2030-10-16";"VIGENTE";"https://drive.google.com/file/d/1Bqnde6OBrXgEc_LeVnuXbXB6CStJjpc_/view?usp=sharing"
"2025";"3.04.1.7.3";"";"CORPO DE BOMBEIROS MILITAR DO ESTADO DE MINAS GERAIS";"PREFEITURA MUNICIPAL DE LEOPOLDINA";"o estabelecimento de condições de cooperação mútua entre os convenentes, visando à execução pelo CBMMG, dos serviços de combate a incêndio, prevenção contra incêndio e pânico, busca e salvamento, atendimento pré-hospitalar (Resgate) e Defesa Civil no Município de Leopoldina e região, bem como o desenvolvimento das ações por parte da Prefeitura Municipal de Leopoldina para apoio à manutenção ininterrupta dos serviços do CBMMG.";"2026-02-10";"2031-02-09";"VIGENTE";"https://drive.google.com/file/d/151OryfslCAFHuc_sbwP-r1T-45xEP4se/view?usp=sharing"
"2025";"5.06.0.0.1";"";"CORPO DE BOMBEIROS MILITAR DO ESTADO DE MINAS GERAIS";"PREFEITURA MUNICIPAL DE CONSELHEIRO PENA";"Estabelecimento de condições de cooperação mútua entre os convenentes, visando a criação, manutenção e o credenciamento da Brigada Municipal de Conselheiro Pena/MG, para execução dos serviços de prevenção e combate a incêndio e atendimento a emergências, conforme prescreve o §2ºdo artigo 3º da Lei Federal nº 13.425/2017 c/c o caput do artigo 8º da Portaria do CBMMG nº 49 de 02 de julho de 2020.";"2025-11-20";"2035-11-19";"VIGENTE";"https://drive.google.com/file/d/1FHKH_HbkaBMPHby94SzqHQz4hxcagOqV/view?usp=sharing"
"2025";"1.01.2.0.1";"";"CORPO DE BOMBEIROS MILITAR DO ESTADO DE MINAS GERAIS";"PREFEITURA MUNICIPAL DE ITABIRITO";"Estabelecimento de condições de cooperação mútua entre os partícipes, visando a criação, manutenção e o credenciamento da Brigada Municipal de Itabirito/MG, para execução dos serviços de prevenção e combate a incêndio e atendimento a emergências, conforme prescreve o §2º do artigo 3º da Lei Federal nº 13.425/2017 c/c o caput do artigo 8º da Portaria do CBMMG nº 49 de 02 de julho de 2020.";"2026-04-08";"2036-04-08";"VIGENTE";"https://drive.google.com/file/d/1mUNzJOwTfyXKYjZ17jAv3c0Dvb605qzT/view?usp=sharing"
"2019";"3";"";"CORPO DE BOMBEIROS MILITAR DO ESTADO DE MINAS GERAIS";"PREFEITURA MUNICIPAL DE PARACATU";"Cessão de uso do Imóvel localizado na Rua Bento Pereira Mundim nº 94 Bairro Amoreiras I, de propriedade da União conforme matricula nº 18847, livro nº 2, ficha nº 18412 do cartório de Registro de Imóveis da Comarca de Paracatu Minas Gerais, cedido ao Município de Paracatu destinado a instalação e funcionamento de Uma Fração de Bombeiro Militar no Município de Paracatu..";"2020-01-28";"2040-01-27";"VIGENTE";"https://drive.google.com/file/d/153kO69hQPUHol2mnh6E0_vHIji1dK4kU/view?usp=sharing"
"2024";"54543";"1400.01.0054543/2022-74";"CORPO DE BOMBEIROS MILITAR DO ESTADO DE MINAS GERAIS";"RIO PARDO DE MINAS";"O presente convênio tem por objeto o estabelecimento de condições de cooperação mútua entre os convenentes, visando a criação, manutenção e o credenciamento da Brigada Municipal de Rio Pardo de Minas/MG, para execução dos serviços de prevenção e combate a incêndio e atendimento a emergências, conforme prescreve o §2ºdo artigo 3º da Lei Federal nº 13.425/2017 c/c o caput do artigo 8º da Portaria do CBMMG nº 49 de 02 de julho de 2020.";"2024-03-16";"2026-09-15";"VIGENTE";"https://drive.google.com/file/d/1YQNBrHTpfx3ErMQXv7jP-phfqQKLiUsL/view?usp=sharing"
"2024";"24721";"1400.01.0024721/2023-68";"CORPO DE BOMBEIROS MILITAR DO ESTADO DE MINAS GERAIS";"CORAÇÃO DE JESUS";"estabelecimento de condições de cooperação mútua entre os convenentes, visando a criação, manutenção e o credenciamento da Brigada Municipal de Coração de Jesus/MG, para execução dos serviços de prevenção e combate a incêndio e atendimento a emergências, conforme prescreve o § 2º do artigo 3º da Lei Federal nº 13.425/2017 c/c o caput do artigo 8º da Portaria do CBMMG nº 49 de 02 de julho de 2020.";"2024-02-27";"2026-08-26";"VIGENTE";"https://drive.google.com/file/d/1KhUFAZRHjlASXRqET0z4Iry1QfOAWx78/view?usp=sharing"
"2022";"3";"1400.01.0075105/2022-31";"CORPO DE BOMBEIROS MILITAR DO ESTADO DE MINAS GERAIS";"JANUÁRIA";"Estabelecimento de condições de cooperação mútua entre os convenentes, visando à execução pelo CBMMG dos Serviços de Prevenção e de Combate a Incêndios, Busca e Salvamento, Resgate e Defesa Civil no município de Januária e região.";"2025-02-08";"2027-02-07";"VIGENTE";"https://drive.google.com/file/d/15n2ZVpRXIhIKUznaBzW6UNv01VdWnvkY/view?usp=sharing"
"2017";"6210";"1400.01.0053993/2022-83
1400.01.0050018/2019-38
1400.01.0022068/2018-31";"CORPO DE BOMBEIROS MILITAR DO ESTADO DE MINAS GERAIS";"SALINAS";"Estabelecimento de condições de cooperação mútua entre os convenentes, visando à execução pelo CBMMG, dos Serviços de Prevenção e de Combate a Incêndio e pânico, Busca e Salvamento, atendimento pré-hospitalar (Resgate) e Defesa Civil no Município de Salinas/MG e região, bem como o desenvolvimento das ações por parte da Prefeitura Municipal de Salinas/MG para a edificação e instalação da futura Fração do Corpo de Bombeiros Militar.";"2021-11-02";"2022-11-02";"ENCERRADO";"https://drive.google.com/file/d/1JoHSMoRnxXBf3-GAtYABOQXO4Fy67Rf8/view?usp=sharing"
"2022";"53993";"1400.01.0053993/2022-83";"CORPO DE BOMBEIROS MILITAR DO ESTADO DE MINAS GERAIS";"SALINAS";"Estabelecimento de condições de cooperação mútua entre os convenentes, visando a execução pelo CBMMG, dos serviços de Prevenção e de Combate a Incêndio e Pânico, Busca e Salvamento, Atendimento Pré-Hospitalar (Resgate) e Defesa Civil no Município de Salinas e região.";"2025-05-01";"2026-11-01";"VIGENTE";"https://drive.google.com/file/d/1dN1uJy6OPKQhDdilveQ7GsN0Hk5niPwZ/view?usp=sharing"
"2022";"1";"1400.01.0028383/2022-40";"CORPO DE BOMBEIROS MILITAR DO ESTADO DE MINAS GERAIS";"TAIOBEIRAS";"Estabelecimento de condições de cooperação mútua entre os convenentes, visando a execução pelo CBMMG, dos serviços de Prevenção e de Combate a Incêndio e Pânico, Busca e Salvamento, Atendimento Pré-Hospitalar (Resgate) e Defesa Civil no município de Taiobeiras/MG e região, bem como o desenvolvimento de ações por partes da Prefeitura Municipal de Taiobeiras/MG a fim de subsidiar as despesas oriundas dos serviços prestados pelo CBMMG no referido município.";"2024-06-29";"2026-06-28";"VIGENTE";"https://drive.google.com/file/d/1n9lxgq8Gg2zaFOfu8JSOSeWdyEnWaYaZ/view?usp=sharing"
"2022";"2";"1400.01.0001086/2022-53";"CORPO DE BOMBEIROS MILITAR DO ESTADO DE MINAS GERAIS";"JANAÚBA";"Estabelecimento de condições de cooperação mútua entre os convenentes, visando à execução pelo CBMMG dos Serviços de Prevenção e de Combate a Incêndios, Busca e Salvamento, Resgate e Defesa Civil no município de Janaúba e região.";"2024-04-07";"2026-12-31";"VIGENTE";"https://drive.google.com/file/d/10EFqUI_PPWhO14L3Fd-TK1VpPDTrCAZH/view?usp=sharing"
"2019";"9";"1400.01.0040592/2020-09";"CORPO DE BOMBEIROS MILITAR DO ESTADO DE MINAS GERAIS";"BELO HORIZONTE";"Estabelecimento de diretrizes para regulação das ações e da coordenação dos atendimentos a ocorrências e emergências pré-hospitalares na Macrorregião Nordeste e Jequitinhonha de Minas Gerais, composta pelos municípios da área de atuação do CISNORJE, do 4º Comando Operacional de Bombeiros, do 5º Comando Operacional de Bombeiros e do Batalhão de Operações Aéreas.";"2019-03-13";"2024-03-12";"ENCERRADO";"https://drive.google.com/file/d/11hrH23BIt9oowkszFJrUYl2gSjlly_UA/view?usp=sharing"
"2020";"2";"1400.01.0037370/2020-91
1400.01.0057556/2020-15";"CORPO DE BOMBEIROS MILITAR DO ESTADO DE MINAS GERAIS";"JANAÚBA";"Estabelecimento de condições de cooperação mútua entre os convenentes, visando à execução, pelo CBMMG, dos serviços de prevenção e combate a incêndio, busca e salvamento, Resgate e Defesa Civil, bem como o desenvolvimento das ações por parte da Prefeitura Municipal de Janaúba para o repasse de recurso financeiro para a reforma das instalações onde funcionará a nova sede do 6º Pelotão do Corpo de Bombeiros Militar no município, localizado na Rodovia BR-122, km 161, s/nº, bairro São Vicente, em Janaúba/MG";"2023-10-07";"2025-10-06";"ENCERRADO";"https://drive.google.com/file/d/1Gb6KgnM-KFFSurq2RGnX3DPFGe2QfqBD/view?usp=sharing"
"2020";"3";"1400.01.0025886/2020-50";"CORPO DE BOMBEIROS MILITAR DO ESTADO DE MINAS GERAIS";"MONTES CLAROS";"Estabelecimento de condições de cooperação mútua entre os convenentes, visando à execução pelo CBMMG, dos Serviços de Prevenção e de Combate a Incêndio e pânico, Busca e Salvamento, atendimento pré-hospitalar (Resgate) e Defesa Civil no Município de Montes Claros/MG e região, bem como o desenvolvimento das ações por parte da Prefeitura Municipal de Montes Claros/MG na reforma e ampliação das INSTALAÇÕES DA 2º CIA DE PREVENÇÃO DO CORPO DE BOMBEIROS MILITAR DE MINAS GERAIS/BASE INTEGRADA BOMBEIRO X SAMU, localizado na Av. Mestra Fininha, n° 1225, Bairro Jardim São Luiz, Montes Claros – Minas Gerais.";"2022-08-05";"2023-08-04";"ENCERRADO";"https://drive.google.com/file/d/1g26quPBPSZILqigugDrsNzgXZGkpJgoK/view?usp=sharing"
"2020";"1400.01.0018837/2019-62";"1400.01.0018837/2019-62";"CORPO DE BOMBEIROS MILITAR DO ESTADO DE MINAS GERAIS";"SALINAS";"Formalização do interesse mútuo entre o 8º Pelotão de Salinas e a Defesa Civil Municipal de Salinas em transferir a base do COMPDEC para a estrutura do pelotão BM de Salinas.";"2020-12-24";"2022-12-23";"ENCERRADO";"https://drive.google.com/file/d/17AYetbcV8tSsO1MYuuZd8vZATSrZkMvr/view?usp=sharing"
"2018";"1";"1400.01.0027561/2018-33
1400.01.0010900/2018-91";"CORPO DE BOMBEIROS MILITAR DO ESTADO DE MINAS GERAIS";"JANAÚBA";"Estabelecimento de condições de cooperação mútuta entre os convenentes, visando à execução pelo CBMMG dos Serviços de Prevenção e de Combate a Incêndios, Busca e Salvamento, Resgate e Defesa Civil no município de Janaúba e região.";"2021-01-03";"2022-01-03";"ENCERRADO";"https://drive.google.com/file/d/1AtFnbCGXEuSN3PpTvDh4OBX3RIFwgEwg/view?usp=sharing"
"2018";"2";"1400.01.0023876/2018-06";"CORPO DE BOMBEIROS MILITAR DO ESTADO DE MINAS GERAIS";"JANUÁRIA";"Estabelecimento de condições de cooperação mútuta entre os convenentes, visando à execução pelo CBMMG dos Serviços de Prevenção e de Combate a Incêndios, Busca e Salvamento, Resgate e Defesa Civil no município de Januária e região.";"2020-12-28";"2021-12-27";"ENCERRADO";"https://drive.google.com/file/d/1OqRnV-LJF0cFeawEoCtJ9UUbB6PeU3Bg/view?usp=sharing"
"2019";"1";"1400.01.0023554/2018-67";"CORPO DE BOMBEIROS MILITAR DO ESTADO DE MINAS GERAIS";"BOCAIÚVA";"Estabelecimento de condições de cooperação mútua entre os convenentes, visando à execução pelo CBMMG, dos Serviços de Prevenção e de Combate a Incêndio e Pânico, Busca e Salvamento, atendimento pré-hospitalar (Resgate) e Defesa Civil no Município de Bocaiúva/MG e região, bem como o desenvolvimento das ações por parte da Prefeitura Municipal de Bocaiúva/MG para a edificação e instalação da futura Fração do Corpo de Bombeiros Militar.";"2023-08-20";"2024-08-19";"ENCERRADO";"https://drive.google.com/file/d/1oIzQaxHsud77ZarQdVH8_L9Ft3wA_PLT/view?usp=sharing"
"2018";"1400.01.0022729/2018-32";"1400.01.0022729/2018-32";"CORPO DE BOMBEIROS MILITAR DO ESTADO DE MINAS GERAIS";"FRANCISCO SÁ";"Estabelecer as intenções do CBMMG e do Município de Francisco Sá/MG, em firmar um Instrumento Público Específico, com vistas à execução pelo CBMMG, dos Serviços de Prevenção e de Combate a Incêncio, Busca e Salvamento, Resgate e Defesa Civil no Município de Francisco Sá/MG.";"2018-10-09";"2018-10-08";"ENCERRADO";"https://drive.google.com/file/d/1ERpjxtuSNgUJDqTp3nNCpcflpQ3H2uGR/view?usp=sharing"
"2013";"7";"1400.01.0019600/2018-28
1400.01.0002116/2018-94";"CORPO DE BOMBEIROS MILITAR DO ESTADO DE MINAS GERAIS";"PIRAPORA";"O presente convênio tem por objeto o estabelecimento de condições de cooperação mútua entre os convenentes, visando à execução pelo CBMMG dos Serviços de Prevenção e de Combate a Incêndios, Buscas e Salvamentos, Resgate e Defesa Civil no município de Pirapora e região.";"2017-09-29";"2018-09-30";"ENCERRADO";""
"2019";"1";"1400.01.0017740/2018-02";"CORPO DE BOMBEIROS MILITAR DO ESTADO DE MINAS GERAIS";"FRANCISCO SÁ";"Estabelecimento de condições de cooperação mútuta entre os convenentes, visando à execução pelo CBMMG, dos Serviços de Prevenção e de Combate a Incêndio e Pânico, Busca e Salvament, Atendimento Pré-hospitalar (Resgate) e Defesa Civil no município de Francisco Sá/MG e região, bem como odesenvolvimento das ações por parte da Prefeitura Municipal de Francisco Sá/MG para a edificação e instalação da futura Fração do Corpo de Bombeiros Militar.";"2023-08-21";"2024-08-20";"ENCERRADO";"https://drive.google.com/file/d/1GrQsG-zQf6ZN8Bhonefs1ZoRhj-p06nl/view?usp=sharing"
"2014";"6186";"1400.01.0009537/2018-32
1400.01.0002116/2018-94";"CORPO DE BOMBEIROS MILITAR DO ESTADO DE MINAS GERAIS";"DIAMANTINA";"Estabelecimento de condições de cooperação mútua entre os convenentes, visando à execução pelo CBMMG, dos Srviços de Prevenção e de Combate a Incêndios, Busca e Salvamento, Resgate e Defesa Civil no Município e Região.";"2017-07-02";"2018-07-01";"ENCERRADO";"https://drive.google.com/file/d/1FvHYARjpTR3i26FUZZHQIlvvfjOiFz9v/view?usp=sharing"
"2013";"6181";"1400.01.0007672/2018-44
1400.01.0004647/2018-45
1400.01.0002116/2018-94";"CORPO DE BOMBEIROS MILITAR DO ESTADO DE MINAS GERAIS";"CURVELO";"O presente convênio tem por objeto o estabelecimento de condições de cooperação mútua entre os convenentes, visando à execução, pelo CBMMG, dos serviços de Prevenção e de Combate a Incêndio, Busca e Salvamento, Resgate e Defesa Civil no município de Curvelo e região.";"2013-10-19";"2018-10-18";"ENCERRADO";"https://drive.google.com/file/d/1JOxj9xDYYxKWLMkpSpVKSyzvnO4UKJnC/view?usp=sharing"
"2022";"5401";"1400.01.0065366/2022-17";"CORPO DE BOMBEIROS MILITAR DO ESTADO DE MINAS GERAIS";"CURVELO";"Estabelecimento de condições de cooperação mútua entre os convenentes, visando à execução, pelo CBMMG, dos serviços de Prevenção e de Combate a Incêndio, Busca e Salvamento, Resgate e defesa Civil no município de Curvelo e região.";"2022-12-22";"2024-12-22";"ENCERRADO";"https://drive.google.com/file/d/1kWxgujezahIzjs6jz2x3nYzc_IYxovlR/view?usp=sharing"
"2018";"6225";"1400.01.0028677/2022-56
1400.01.0003000/2021-79
1400.01.0006175/2018-14";"CORPO DE BOMBEIROS MILITAR DO ESTADO DE MINAS GERAIS";"SETE LAGOAS";"Cooperação Administrativa, técnica, financeira e operacional entre os convenentes, visando a instalção e manutenção da 3ª Cia do CBMMG no imóvel cedido pelo Município, com o objetivo de elevá-la à Cia Ind, bem como a execução pelo CBMMG, dos serviços de Prevenção e Combate à Incêndio, Busca e Salvamento, Resgate, Atendimento Pré-Hospitalar e Defesa Civil em conjunto com as instituições envolvidas no Município.";"2018-02-01";"2021-06-30";"ENCERRADO";"https://drive.google.com/file/d/1NlivnG-7LRBRGIWXhA8K8PS1LFBKx5Qw/view?usp=sharing"
"2022";"5402";"1400.01.0002038/2022-54";"CORPO DE BOMBEIROS MILITAR DO ESTADO DE MINAS GERAIS";"SETE LAGOAS";"Cooperação administrativa, técnica, financeira e operacional entre os convenentes, visando a manutenção da 5ª Companhia Independente do Corpo de Bombeiros (Sete Lagoas) no imóvel cedido pelo MUNICÍPIO, bem como a execução, pelo CBMMG, dos serviços de Prevenção e Combate a Incêndio, Busca e Salvamento, Resgate, Atendimento Pré-Hospitalar e Defesa Civil em conjunto com as instituições envolvidas no MUNICÍPIO.";"2023-03-09";"2025-03-09";"ENCERRADO";"https://drive.google.com/file/d/1pusbXStdwTYplIwQulWlxGLEHtwx3rFl/view?usp=sharing"
"2025";"1.17.0.0.2";"1400.01.0016233/2025-27";"CORPO DE BOMBEIROS MILITAR DO ESTADO DE MINAS GERAIS";"SETE LAGOAS";"o presente Convênio, em prol da finalidade pública, a provisão de pagamento de tarifas (água, energia elétrica e impostos do imóvel), manutenção do imóvel, reparos, pinturas, serviços de conservação, limpeza das dependências físicas do quartel, manutenção da parte hidráulica e elétrica do respectivo imóvel, fornecimento de material de escritório, informática, produtos de limpeza, manutenção de viaturas, fornecimento de combustíveis e lubrificantes.";"2025-09-17";"2026-09-16";"VIGENTE";"https://drive.google.com/file/d/1AuvrGTbIUJpKY2Zy1497lUKP11hqIj_C/view?usp=sharing"
"2024";"208003";"1400.01.0052516/2024-89";"CORPO DE BOMBEIROS MILITAR DO ESTADO DE MINAS GERAIS";"UBERABA";"Estabelecimento de condições de cooperação mútua entre os partícipes, visando à integração do Serviço de Atendimento Móvel de Urgência - SAMU e Corpo de Bombeiros Militar de Minas Gerais - CBMMG na gestão, gerenciamento, coordenação e execução dos serviços assistenciais de atendimento Pré-Hospitalar móvel, no Município de Uberaba para situações envolvendo operações terrestres, com viabilidade de implantação de Central de Regulação Médica de Urgências integrada à Centro Integrado de Atendimento e Despacho - CIAD e estabelecimento de bases descentralizadas do SAMU nos pelotões do 8º BBM Sede, mediante termo aditivo a este instrumento; apoio e suporte para as atividades implementadas pelo Núcleo de Educação Permanente - NEP; apoio logístico e insumos para composição da Unidade de Resgate Mista. Definição de protocolos entre SAMU e 8º BBM para atendimento operacional e despacho de viaturas; estabelecimento de normas técnicas de atendimento Pré-Hospitalar móvel, em conformidade com a Portaria GM/MS nº 2.048, de 05 de novembro de 2002.";"2024-12-07";"2026-12-06";"VIGENTE";"https://drive.google.com/file/d/1Qe1_ee6rADBOOPvsyba7L7e4RAz77SCc/view?usp=sharing"
"2024";"208222";"1400.01.0020730/2024-55";"CORPO DE BOMBEIROS MILITAR DO ESTADO DE MINAS GERAIS";"SANTA JULIANA";"O presente convênio tem por objeto o estabelecimento de condições de cooperação mútua entre os
convenentes visando a execução, pelo CBMMG / 8º BBM, dos serviços de prevenção e de combate a
incêndio, busca e salvamento, resgate e ações de defesa civil no Município de Santa Juliana e região.";"2025-07-23";"2026-07-22";"VIGENTE";"https://drive.google.com/file/d/1PDsuFr4y0wUS7ZKJ9abg-bdXnjHCCO6q/view?usp=sharing"
"2023";"1";"1400.01.0029458/2023-15";"CORPO DE BOMBEIROS MILITAR DO ESTADO DE MINAS GERAIS";"UBERABA";"Conjugação de esforços entre os entes
cooperados para atendimento do tridígito 199 com objetivo de atender
aos anseios e as necessidades da sociedade no que tange as ocorrências
de natureza de Defesa Civil";"2023-07-21";"2024-07-20";"ENCERRADO";"https://drive.google.com/file/d/1KH8NPuZPvKjj90DylKjsFh0tLKYBB96b/view?usp=sharing"
"2022";"12";"1400.01.0036005/2022-80";"CORPO DE BOMBEIROS MILITAR DO ESTADO DE MINAS GERAIS";"SACRAMENTO";"Consiste no estabelecimento de condições de
cooperação mútua entre os partícipes, visando a prestação de serviços
pré-hospitalares móveis com guarnições mistas entre CBMMG de
Sacramento (8º BBM / 2ª CIA / 2º PELOTÃO) e profissionais da
Secretaria de Saúde de Sacramento/MG, através da criação do SIATE193.";"2022-07-02";"2024-12-31";"ENCERRADO";"https://drive.google.com/file/d/1qVPsL_n78q4cATaEwFd9VzvRqH3q2pi7/view?usp=sharing"
"2022";"2";"1400.01.0031534/2022-32";"CORPO DE BOMBEIROS MILITAR DO ESTADO DE MINAS GERAIS";"UBERABA";"O presente convênio tem por objeto o estabelecimento de condições de cooperação mútua entre os convenentes, visando à execução pelo CBMMG, dos serviços de prevenção e de combate a incêndios, busca e salvamento, resgate e execução de atividades de defesa civil no município de Uberaba e região, visando ainda a efetiva e cada vez melhor manutenção da ordem e da defesa social.
os convenentes, visando à execução pelo CBMMG, dos serviços de
prevenção e de combate a incêndios, busca e salvamento, resgate
e execução de atividades de defesa civil no município de Uberaba e
região, visando ainda a efetiva e cada vez melhor manutenção da ordem
e da defesa social";"2022-07-25";"2023-07-24";"ENCERRADO";"https://drive.google.com/file/d/16ZbitK5BIrtqKxAjYzCY8FCE-ZJ2hitc/view?usp=sharing"
"2022";"1";"1400.01.0029378/2022-44";"CORPO DE BOMBEIROS MILITAR DO ESTADO DE MINAS GERAIS";"FRUTAL";"O presente Termo de Convênio tem por objeto cooperação mútua entre os convenentes,
visando à execução pelo CBMMG, dos serviços de prevenção e combate a incêndio, busca e
salvamento, resgate e defesa civil no Município de Frutal e região.";"2022-07-01";"2028-07-01";"VIGENTE";"https://drive.google.com/file/d/1nQARMDu7_Ohisk8h_2GDWMEtS6aQkIc0/view?usp=sharing"
"2022";"4";"1400.01.0017919/2022-07";"CORPO DE BOMBEIROS MILITAR DO ESTADO DE MINAS GERAIS";"CAMPOS ALTOS";"Estabelecimento de condições
de cooperação mútua entre os convenentes, visando à execução,
pelo CBMMG/8º BBM, dos Serviços de Prevenção e de Combate a
Incêndio, Busca e Salvamento, Resgate e Ações de Defesa Civil no
Município e região";"2024-07-27";"2027-07-26";"VIGENTE";"https://drive.google.com/file/d/1A9gA_G4lAcgmQtMyUSok9oXx3Tg9fjCc/view?usp=sharing"
"2022";"44528385";"1400.01.0011814/2022-39";"CORPO DE BOMBEIROS MILITAR DO ESTADO DE MINAS GERAIS";"UBERABA";"Conjugação de esforços entre os entes
cooperados para realização do estudo de riscos existentes no município
de beraba, com objetivo de confeccionar planos de contingências e
mapas de riscos, para uma melhor resposta às emergências e aumento
da resiliência do município frente aos eventos adversos";"2024-05-10";"2026-05-09";"ENCERRADO";"https://drive.google.com/file/d/1LRnVtGlQvBmHLeLbunhHeltWJR1k7nRJ/view?usp=sharing"
"2022";"3";"1400.01.0005705/2022-82";"CORPO DE BOMBEIROS MILITAR DO ESTADO DE MINAS GERAIS";"UNIÃO DE MINAS";"O presente convênio tem por objeto o estabelecimento de condições de cooperação mútua entre os convenentes, visando à execução, pelo CBMMG/8º BBM, dos Serviços de Prevenção e de Combate a Incêndio, Busca e Salvamento, Resgate e Ações de Defesa Civil no Município e região.";"2026-01-01";"2026-12-31";"VIGENTE";"https://drive.google.com/file/d/1nb4LZADm_hlshITkG-y3Alqb18gi5gRN/view?usp=sharing"
"2021";"1400.01.0037785/2021-38";"1400.01.0037785/2021-38";"CORPO DE BOMBEIROS MILITAR DO ESTADO DE MINAS GERAIS";"UBERABA";"Conjugação de esforços entre os entes cooperados para o atendimento do tri-dígito 199 com objetivo de atender aos anseios e as necessidades da sociedade no que tange as ocorrências de natureza de Defesa Civil, para uma melhor resposta às emergências do município frente aos eventos adversos em qualquer de sua natureza, podendo ser ela tecnológica ou natural, conforme a Classificação Brasileira de Desastres (COBRADE).";"2022-09-29";"2023-03-28";"ENCERRADO";"https://drive.google.com/file/d/1jvKgN74sMSbUpFrLJx3INp1jA76Ospp9/view?usp=sharing"
"2021";"1";"1250.01.0005183/2021-74";"CORPO DE BOMBEIROS MILITAR DO ESTADO DE MINAS GERAIS";"UBERLANDIA";"Estabelecer as condições de cooperação técnica entre os partícipes, para a utilização de forma compartilhada do sistema IRONVOX IPBX - telefonia IP baseada no software Asterisk na região da 9a RISP (Região Integrada de Segurança Pública – Uberlândia, MG) com foco na segurança pública e na defesa civil.";"2021-10-15";"2026-10-12";"VIGENTE";"https://drive.google.com/file/d/1WKCgX34lXFa6poodrraXwkvSUqLOW-zy/view?usp=sharing"
"2021";"62";"1400.01.0029313/2021-56";"CORPO DE BOMBEIROS MILITAR DO ESTADO DE MINAS GERAIS";"LIMEIRA DO OESTE";"Cooperação mútua entre os convenentes visando a
execução dos serviços de prevenção e de combate a incêndio, busca e
salvamento, resgate e ações de defesa civil no município de Limeira
do Oeste e região";"2024-10-14";"2024-12-31";"ENCERRADO";"https://drive.google.com/file/d/1CNJ0-EzaiG-pb25fjSfbYEMhA9FIaWK8/view?usp=sharing"
"2021";"27";"1400.01.0024050/2021-52";"CORPO DE BOMBEIROS MILITAR DO ESTADO DE MINAS GERAIS";"SACRAMENTO";"Estabelecimento de condições de cooperação mútua entre os convenentes, visando à execução pelo CBMMG, dos Serviços de Prevenção e de Combate a Incêndios, Buscas e Salvamentos, Resgates e Execução de Atividades de Proteção e Defesa Civil no município de Sacramento MG e região, visando ainda à efetiva e cada vez melhor manutenção da ordem e da defesa social.";"2025-06-23";"2026-06-22";"ENCERRADO";"https://drive.google.com/file/d/1SQJQo6jo7i0Ctpe6Ku3aY0IEp7NB3xyZ/view?usp=sharing"
"2021";"1";"1400.01.0020148/2021-64";"CORPO DE BOMBEIROS MILITAR DO ESTADO DE MINAS GERAIS";"FRUTAL";"Estabelecimento de condições de
cooperação mútua entre os partícipes, a fim de possibilitar a integração da
Coordenadoria Municipal de Proteção e Defesa civil – COMPDEC e o Corpo de
Bombeiros Militar de Minas Gerais – CBMMG na gestão, gerenciamento,
coordenação e execução das ações de Defesa Civil no Município de Frutal.";"2024-06-11";"2028-06-11";"VIGENTE";"https://drive.google.com/file/d/1B4H0e2jX5svN54KHL_wS_dZLu3uY6jtN/view?usp=sharing"
"2021";"1";"1400.01.0016513/2021-45";"CORPO DE BOMBEIROS MILITAR DO ESTADO DE MINAS GERAIS";"FRUTAL";"Cooperação mútua entre os convenentes,
visando à execução pelo CBMMG, dos serviços de prevenção e combate a incêndio, busca e
salvamento, resgate e defesa civil no Município de Frutal e região.";"2021-07-01";"2022-06-30";"ENCERRADO";"https://drive.google.com/file/d/1r8CerCvtXcDnl0GBSqhVzeBeRfnzyb00/view?usp=sharing"
"2021";"13";"1400.01.0012746/2021-98";"CORPO DE BOMBEIROS MILITAR DO ESTADO DE MINAS GERAIS";"ARAXÁ";"Estabelecimento de condições de
cooperação mútua entre os convenentes, visando à execução pelo CBMMG, dos
Serviços de Prevenção e de Combate a Incêndios, Buscas e Salvamentos, Resgates e
Execução de Atividades de Defesa Civil no município de Araxá e região, visando ainda
à efetiva e cada vez melhor manutenção da ordem e da defesa social.";"2025-03-13";"2026-03-12";"ENCERRADO";"https://drive.google.com/file/d/1US5_vIvtdxsOSrvmnrpNaCwLvEUYNFqf/view?usp=sharing"
"2022";"3";"1400.01.0004961/2021-94";"CORPO DE BOMBEIROS MILITAR DO ESTADO DE MINAS GERAIS";"UBERABA";"Plano de Auxílio Mútuo em emergências que visa a atuação de seus integrantes, de forma conjunta, na preparação e efetiva resposta às emergências nas instalações das empresas integrantes e respectivas áreas de atuação, 24 horas por dia, durante todos os dias da semana, mediante a utilização de recursos humanos e materiais de cada empresa, órgão ou instituição integrante, colocados à disposição do plano, sob a coordenação do integrante atingido pela emergência e das autoridades competentes.";"2025-05-31";"2026-06-30";"VIGENTE";"2º TA TCT 03-22 Uberaba.pdf"
"2020";"27";"1400.01.0056548/2020-71";"CORPO DE BOMBEIROS MILITAR DO ESTADO DE MINAS GERAIS";"ARAXÁ";"Integração da Coordenadoria Municipal de Proteção e Defesa civil – CMPDEC e o Corpo de Bombeiros Militar de Minas Gerais – CBMMG na gestão, gerenciamento, coordenação e execução das ações de Defesa Civil no Município de Araxá.";"2021-01-06";"2021-12-31";"ENCERRADO";"https://drive.google.com/file/d/1fuvfYDLCpL6eknWF4PA18hlT06u_v0VA/view?usp=sharing"
"2021";"1";"1400.01.0056526/2020-83";"CORPO DE BOMBEIROS MILITAR DO ESTADO DE MINAS GERAIS";"CARNEIRINHO";"Cooperação mútua entre os convenentes visando a execução dos serviços de prevenção e de combate a incêndio, busca e salvamento, resgate e ações de defesa civil no município de Carneirinho e região.";"2025-01-01";"2025-12-31";"ENCERRADO";"https://drive.google.com/file/d/16fVER0P_4ggtMYHPRUt8rx1hI-hx46cZ/view?usp=sharing"
"2020";"4049";"1400.01.0040497/2020-52";"CORPO DE BOMBEIROS MILITAR DO ESTADO DE MINAS GERAIS";"BELO HORIZONTE";"Oferta de treinamentos em ambiente virtual, que se realizará por meio do estabelecimento de vínculo de cooperação técnica entre as partes signatárias, com a finalidade de Prevenção e Combate a Incêndios em Canaviais, proporcionando aos instruendos condições técnicas para o combate aos princípios de incêndios e ao CBMMG um combate mais efetivo.";"2020-10-08";"2022-10-07";"ENCERRADO";"https://drive.google.com/file/d/1__sLZ3ZmQxJfIsUZmfTeA3vcF-pSHnJN/view?usp=sharing"
"2020";"1";"1400.01.0033230/2020-30";"CORPO DE BOMBEIROS MILITAR DO ESTADO DE MINAS GERAIS";"UBERABA";"Estabelecimento de parceria entre a Universidade Federal do Triângulo Mineiro – UFTM e o Corpo de Bombeiros Militares do estado de Minas Gerais - CBMMG, visando, a mútua cooperação técnico-científica entre as partes, para a produção de conhecimento técnico-científico voltado à atividades de proteção e defesa civil, bem como à elaboração de protocolos de enfrentamento a este tipo de ocorrências, através de projetos a serem desenvolvidos no âmbito dos programas científicos de pesquisa e pósgraduação e em ações complementares de extensão e ensino da UFTM, com o colaboração mútua de pessoal, instalações, equipamentos e conhecimentos técnicos presentes nas duas instituições.";"2020-11-11";"2025-11-10";"ENCERRADO";"https://drive.google.com/file/d/1nYlyiOP2rHqzg71auZGV8R2kwFW5B_mo/view?usp=sharing"
"2020";"55";"1400.01.0024055/2020-17";"CORPO DE BOMBEIROS MILITAR DO ESTADO DE MINAS GERAIS";"UBERABA";"Promoção de ações e atividades do ora partícipe conveniado para assistência médica´veterinária aos semoventes pertencentes 8º Batalhão do Corpo de Bombeiros Militares de Minas Gerais instalada no endereço alhures mensurado, em contrapartida, sempre que demandado pelo partícepe conveniado o partícipe convenente deverá disponibilizar os semoventes para doação de sangue.";"2020-05-26";"2022-11-25";"ENCERRADO";"https://drive.google.com/file/d/1sYirRWyqitN-DsUvBk4j9OorGbnX0kyR/view?usp=sharing"
"2020";"6236";"1400.01.0011363/2020-97
1400.01.0022777/2020-88
1400.01.0016068/2020-35";"CORPO DE BOMBEIROS MILITAR DO ESTADO DE MINAS GERAIS";"ARAXÁ";"Estabelecimento de condições de cooperação mútua entre os convenentes, visando a execução pelo CBMMG, dos Serviços de Prevenção e de Combate a Incêndios, Buscas e Salvamento, Resgate e Execução de Atividades de Defesa Civil no município de Araxá e região, visando ainda à efetiva e cada vez melhor manutenção da ordem de defesa social.";"2020-10-08";"2020-12-31";"ENCERRADO";"https://drive.google.com/file/d/1g16IfdauwLyNTnjbF8xQzUGgecoaA_dV/view?usp=sharing"
"2020";"1";"1400.01.0065354/2019-59";"CORPO DE BOMBEIROS MILITAR DO ESTADO DE MINAS GERAIS";"ITURAMA";"Estabelecimento de coondições de cooperação mútua entre os convenentes, visandoo a execução, pelo CBMMG/8º BBM, dos Serviçõs de Prevenção e de Combate a Incêndio, Busca e Salvamento, Resgate e Ações de Defesa Civil no Municipio de Iturama e região.";"2024-01-10";"2025-01-09";"ENCERRADO";"https://drive.google.com/file/d/1hRhfIppyJ0rKi53Rv02-_tUTLOqVb9Ej/view?usp=sharing"
"2016";"1";"1400.01.0023350/2019-43
1400.01.0008361/2018-65";"CORPO DE BOMBEIROS MILITAR DO ESTADO DE MINAS GERAIS";"FRUTAL";"Estabelecimento de condições de cooperação mútua entre os convenentes, visando à execução pelo CBMMG dos serviços de prevenção e combate a incêndio, busca e salvamento, resgate e defesa civil no Município de Frutal e região.";"2020-07-01";"2021-06-30";"ENCERRADO";"https://drive.google.com/file/d/1pG0LMhBqJyzGJaL3vKikXsf2s8GmF0go/view?usp=sharing"
"2018";"1400.01.0029850/2018-19";"1400.01.0029850/2018-19";"CORPO DE BOMBEIROS MILITAR DO ESTADO DE MINAS GERAIS";"SACRAMENTO";"Estabelecer as intenções do CBMMG e do Município de Sacramento/ MG em firmar instrumento Público Específico, com vistas à execução pelo CBMMG, dos serviços de prevenção e de combate a incêndio, busca e salvamento, resgate e defesa civil no Município de Sacramento/ MG, impondo assim condições para que o CBMMG preste serviços de qualidade na região, mediante a construção da sede da Fração BM no Município de Sacramento a cargo da Prefeitura Municipal, que deverá ocorrer no prazo de 24 (vinte e quatro) meses a partir de 11/12/2018.";"2018-12-12";"2019-12-11";"ENCERRADO";"https://drive.google.com/file/d/1TrP29Vo6ElmCJignXoHZzdOHCsFeFp0q/view?usp=sharing"
"2018";"6222";"1400.01.0001347/2018-02";"CORPO DE BOMBEIROS MILITAR DO ESTADO DE MINAS GERAIS";"UBERABA";"Conjugação de esforços para realização de obras e serviços de adequação da Unidade do CBMMG em Uberaba";"2018-11-30";"2019-11-30";"ENCERRADO";""
"2015";"4004";"1400.01.0022950/2018-79";"CORPO DE BOMBEIROS MILITAR DO ESTADO DE MINAS GERAIS";"CARNEIRINHO";"Estabelecimento de condições de cooperação mútua entre os convenentes, visando à execução pelo CBMMG/8º BBM, dos serviços de prevenção e combate a incêndio, busca e salvamento, resgate e defesa civil no Município e região.";"2020-01-01";"2020-12-31";"ENCERRADO";"https://drive.google.com/file/d/1RTfx2S3rJp2a4pv_OepifvSIYI6--L0-/view?usp=sharing"
"2018";"1";"1400.01.0017431/2018-03
1400.01.0016645/2018-79";"CORPO DE BOMBEIROS MILITAR DO ESTADO DE MINAS GERAIS";"FRUTAL";"Estabelecimento de condições de cooperação mútua entre os convenentes, visando o desenvolvimento peloCBMMG do Projeto Prodinata em parceria com o CONSEP do município de Frutal - MG.";"2018-08-13";"2019-08-12";"ENCERRADO";"https://drive.google.com/file/d/1mEt5Lf1LFhV_hs0n-3XlwQZqpyAfTtPD/view?usp=sharing"
"2014";"4001";"1400.01.0015318/2018-18";"CORPO DE BOMBEIROS MILITAR DO ESTADO DE MINAS GERAIS";"ITURAMA";"Estabelecimento de condições de cooperação mútua entre os convenentes visando a execução pelo CBMMG/8º BBM, dos serviços de prevenção e combate a incêndio, busca e salvamento, resgate e defesa civil no Município e região.";"2018-12-06";"2019-12-05";"ENCERRADO";"https://drive.google.com/file/d/1RI_vKcme07E1BU64oK5pHhdj7HkicwxV/view?usp=sharing"
"2015";"6193";"1400.01.0007227/2018-31
1400.01.0015970/2019-65
1400.01.0002111/2018-35";"CORPO DE BOMBEIROS MILITAR DO ESTADO DE MINAS GERAIS";"ARAXÁ";"Estabelecimento de condições de cooperação mutua entre os convenentes, visando a execução pelo CBMMG dos serviços de prevenção e combate a incêndios, busca e salvamento, resgates e execução das atividades de defesa civil no município de Araxá e região.";"2019-01-01";"2019-12-31";"ENCERRADO";"https://drive.google.com/file/d/1hCoU4KDvuH8ATZq8JRb56B0jkMHC2H3X/view?usp=sharing"
"2018";"";"1400.01.0001598/2018-15";"CORPO DE BOMBEIROS MILITAR DO ESTADO DE MINAS GERAIS";"ARAXÁ";"estabelecer as inten- ções do CBMMG e do Município de Araxá/MG em elevar a condição do Pelotão de Araxá para o status de Companhia";"2018-03-13";"2020-03-12";"ENCERRADO";"https://drive.google.com/file/d/1TD_MxmZXo7Jtb2VOKdtGkk4LinW_kJUm/view?usp=sharing"
"2025";"208182";"1400.01.0013940/2025-52";"CORPO DE BOMBEIROS MILITAR DO ESTADO DE MINAS GERAIS";"ITURAMA";"Estabelecimento de coondições de cooperação mútua entre os convenentes, visandoo a execução, pelo CBMMG/8º BBM, dos Serviçõs de Prevenção e de Combate a Incêndio, Busca e Salvamento, Resgate e Ações de Defesa Civil no Municipio de Iturama e região.";"2026-03-20";"2027-03-19";"VIGENTE";"https://drive.google.com/file/d/1CAynSqVEJKbcZe35P-kHJYvDLWnELUqf/view?usp=sharing"
"2025";"2.08.2.0.3";"1400.01.0026818/2025-91";"CORPO DE BOMBEIROS MILITAR DO ESTADO DE MINAS GERAIS";"ARAXÁ";"O objeto do instrumento consiste no estabelecimento de cooperação entre o Município de Araxá / MG e o CBMMG, visando a instalação e funcionamento da Base Descentralizada do Serviço de Atendimento Móvel de Urgência (SAMU), integrada à sede da 2ª Companhia de Bombeiros Militar de Araxá, em cumprimento à integração do Consórcio Intermunicipal de Saúde da Rede de Urgência e Emergência da Macrorregião do Triângulo Sul - CISTRISUL.";"2025-05-17";"2028-12-31";"VIGENTE";"https://drive.google.com/file/d/1vqg8_laGF61cFHhQLEXnJvP3sCwU3Km6/view?usp=sharing"
"2025";"20800125";"1400.01.0027264/2024-80";"CORPO DE BOMBEIROS MILITAR DO ESTADO DE MINAS GERAIS";"UBERABA";"Constitui objeto do presente convênio a conjugação de esforços, com atuação harmônica e sem intuito lucrativo para a execução, pelo CBMMG, dos
serviços de prevenção e de combate a incêndio, busca e salvamento, resgate e defesa civil no município e região, bem como o desenvolvimento das ações por parte do município de Uberaba, conforme Plano de Trabalho, devidamente aprovado pelos partícipes e parte integrante deste instrumento";"2025-05-27";"2026-12-31";"VIGENTE";"https://drive.google.com/file/d/1a9_jSfFt9UdnB74q8Y1lI8Cj7fO4aPhN/view?usp=sharing"
"2025";"20818325";"1400.01.0010426/2025-64";"CORPO DE BOMBEIROS MILITAR DO ESTADO DE MINAS GERAIS";"LIMEIRA DO OESTE";"Estabelecimento de coondições de cooperação mútua entre os convenentes, visandoo a execução, pelo CBMMG/8º BBM, dos Serviçõs de Prevenção e de Combate a Incêndio, Busca e Salvamento, Resgate e Ações de Defesa Civil no Municipio de Limeira do Oeste e região.";"2025-06-05";"2028-06-09";"VIGENTE";"SEI_139923350_Termo_1_Aditivo.pdf"
"2025";"2.08.1.8.5/25";"1400.01.0076084/2025-70";"CORPO DE BOMBEIROS MILITAR DO ESTADO DE MINAS GERAIS";"CARNEIRINHO";"Estabelecimento de condições de cooperação mútua 
entre os convenentes, visando à execução pelo CBMMG, dos serviços de prevenção e de combate a 
incêndio, busca e salvamento, resgate e defesa civil no município e região.";"2026-01-01";"2028-12-31";"VIGENTE";"https://drive.google.com/file/d/1xoYti3c9wo0RDhVUSFsXH64o3q9_w13B/view?usp=sharing"
"2025";"1400.01.0047016/2025-79";"1400.01.0047016/2025-79";"CORPO DE BOMBEIROS MILITAR DO ESTADO DE MINAS GERAIS";"SACRAMENTO";"Estabelecimento de condições de cooperação entre o Município de Sacramento e o Corpo de Bombeiros Militar de Minas Gerais (CBMMG), visando à instalação e funcionamento da Base Descentralizada do Serviço de Atendimento Móvel de Urgência (SAMU), e do Sistema Integrado de Traumas e Emergência (SIATE), integrados à sede do 2º Pelotão de Bombeiros Militar de Sacramento. Este acordo cumpre os objetivos do Consórcio Intermunicipal de Saúde da Rede de Urgência e Emergência da Macrorregião do Triângulo Sul (CISTRISUL).";"2025-08-14";"2028-12-31";"VIGENTE";"https://drive.google.com/file/d/1AsSVwwcH58skxGLDLxmfDA1898aIkJ-Q/view?usp=sharing"
"2025";"29";"1400.01.0078409/2025-54";"CORPO DE BOMBEIROS MILITAR DO ESTADO DE MINAS GERAIS";"FRUTAL";"Termo de Fomento com município de Frutal - custeio e manutenção da Fração do Corpo de Bombeiros Militar de Minas Gerais – CBMMG na cidade de Frutal/MG, visando ao fortalecimento da capacidade operacional para a execução dos serviços de prevenção e combate a incêndios, busca, salvamento e resgate, assegurando a continuidade e a eficiência das ações de segurança pública em beneficio da coletividade";"2025-12-04";"2026-12-03";"VIGENTE";"https://drive.google.com/file/d/1vtNfl-I6k2cg0WV66w8aPy-EB7Bn0MAb/view?usp=sharing"
"2026";"208201";"1400.01.0002350/2026-57";"CORPO DE BOMBEIROS MILITAR DO ESTADO DE MINAS GERAIS";"ARAXÁ";"estabelecimento de condições de 
cooperação mútua entre os convenentes, visando à execução pelo CBMMG, dos Serviços de Prevenção e de 
Combate a Incêndios, Buscas e Salvamentos, Resgates e Execução de Atividades de Defesa Civil no 
município de Araxá e região, visando ainda à efetiva e cada vez melhor manutenção da ordem e da defesa 
social.";"";"";"TRTATIVA";""
"2024";"418141";"1400.01.0036151/2024-12";"CORPO DE BOMBEIROS MILITAR DO ESTADO DE MINAS GERAIS";"TRÊS MARIAS";"Estabelecimento de condições de cooperação mútua entre os convenentes, visando a execução pelo CBMMG dos serviços de prevenção e de combate a incêndios, busca e salvamento, atendimento pré-hospitalar (resgate) e defesa civil no município de Três Marias e região.";"2025-06-22";"2027-06-21";"VIGENTE";"https://drive.google.com/file/d/1v9zBv5FTkfoNDipRkr5BHVrJpDpw1fK0/view?usp=sharing"
"2023";"22074";"1400.01.0022074/2023-48";"CORPO DE BOMBEIROS MILITAR DO ESTADO DE MINAS GERAIS";"DIAMANTINA";"Estabelecimento de condições de cooperação mútua entre os convenentes, visando à execução pelo CBMMG dos Serviços de Prevenção e de Combate a Incêndios, Busca e Salvamento, Resgate e defesa Civil no município de Diamantina e Região.";"2024-10-13";"2025-10-12";"ENCERRADO";"1__TERMO_ADITIVO___assinado_pelas_partes.pdf"
"2022";"1";"1400.01.0069739/2022-92";"CORPO DE BOMBEIROS MILITAR DO ESTADO DE MINAS GERAIS";"PIRAPORA";"Formalização do interesse mútuo entre o 2º Pelotão de Pirapora e a Rede de Serviço de Urgência e Emergência/CISRUN MACRO NORTE em transferir provisóriamente a base do SAMU para a estrutura do pelotão BM de Pirapora.";"2024-01-15";"2025-01-14";"ENCERRADO";"https://drive.google.com/file/d/1N-UxYmGNZlkRVtyHes4pOP_3reBBbVKW/view?usp=sharing"
"2021";"1";"1400.01.0050319/2021-53";"CORPO DE BOMBEIROS MILITAR DO ESTADO DE MINAS GERAIS";"PIRAPORA";"Estabeleciemento de condições de cooperação mútua entre os convenentes, visando à execução, pelo CBMMG, dos serviços de prevenção e combate a incêndio, busca e salvamento, resgate e defesa civil no Município de Pirapora e região, bem como o desenvolvimento das ações por parte da Prefeitura Municipal de Pirapora no reapasse de recurso financeiro para pintura e reparos em geral do imóvel onde está instalado o 2º Pelotão do Corpo de Bombeiros Militar no município.";"2013-12-16";"2024-12-15";"ENCERRADO";"https://drive.google.com/file/d/13bN0KrLJnYNPVxrfQiKqTsI2veAdABbu/view?usp=sharing"
"2021";"6";"1400.01.0023533/2021-43
1400.01.0015485/2019-65";"CORPO DE BOMBEIROS MILITAR DO ESTADO DE MINAS GERAIS";"DIAMANTINA";"Estabelecimento de condições de cooperação mútua entre os convenentes, visando à execução pelo CBMMG dos Serviços de Prevenção e de Combate a Incêndio e pânico, Busca e Salvamento, atendimento pré-hospitalar (Resgate) e Defesa Civil no Município de Diamantina/MG e região, bem como, o desenvolvimento das ações por parte do MUNICÍPIO na reforma do Prédio situado na Rua Neco Amorim, n° 20 e Rua do Bicame, nº 751, Bairro Bicame, Diamantina – Minas Gerais, com vistas à INSTALAÇÃO DA 6ª COMPANHIA INDEPENDENTE DE BOMBEIROS MILITAR DE DIAMANTINA/MG, e, viabilizando a liberação da edificação atualmente ocupada, que é Patrimônio Ferroviário Nacional e está inserida dentro das 2 ações Piloto do Programa REVIVE do Governo Federal.";"2023-05-22";"2024-05-21";"ENCERRADO";"https://drive.google.com/file/d/1Kt9-We98TpDVoRvWTW9pYKGPazOBHYuJ/view?usp=sharing"
"2018";"6229";"1400.01.0034335/2020-71
1400.01.0054399/2019-91
1400.01.0036372/2019-74
1400.01.0019723/2018-05";"CORPO DE BOMBEIROS MILITAR DO ESTADO DE MINAS GERAIS";"CURVELO";"Estabelecimento de condições de cooperação mútua entre os convenentes, visando à execução, pelo CBMMG, dos serviços de Prevenção e de Combate a Incêndio, Busca e Salvamento, Resgate e Defesa Civil no município de Curvelo e região.";"2020-11-01";"2022-10-31";"ENCERRADO";"https://drive.google.com/file/d/15hbKF4d4vbx1le9QgFZTTJJM_fbSlinm/view?usp=sharing"
"2020";"1";"1400.01.0059692/2019-61
1400.01.0036206/2019-94
1400.01.0045401/2019-52";"CORPO DE BOMBEIROS MILITAR DO ESTADO DE MINAS GERAIS";"CAPELINHA";"Estabelecer as interações do CBMMG e do Município de Capelinha/MG, em firmar um Instrumento Público Específico, com vistas à execução pelo CBMMG, dos Serviços de Prevenção e de Combate a Incêndio, Busca e Salvamento, Atendimento Pré-hospitalar (Resgate) e Defesa Civil no Município, impondo assim condições para que o CBMMG preste serviços de qualidade na região, mediante a construção da sede de Fração BM na cidade de Capelinha a cargo da Prefeitura Municipal, que deverá ocorrer no prazo de 12 (doze) meses após a aasinatura deste instrumento.";"2025-07-24";"2026-07-23";"VIGENTE";"https://drive.google.com/file/d/1p5ls_g-Fa6x0KFatcqq8ZYlc5Q5uibaZ/view?usp=sharing"
"2019";"1";"1400.01.0022757/2019-49
1400.01.0003635/2018-15";"CORPO DE BOMBEIROS MILITAR DO ESTADO DE MINAS GERAIS";"TRÊS MARIAS";"Estabeleciemento de condições de cooperação mútua entre os convenentes, visando à execução pelo CBMMG, dos Serviços de Prevenção e de Combate a Incêndio e Pânico, Busca e Salvamento, Atendimento Pré-Hospitalar (Resgate) e Defesa Civil no Município de Três Marias/MG e região, bem como o desenvolvimento das ações por parte da Prefeitura de Três Marias/MG para a edificação e instalação da futura Fração do Corpo de Bombeiros Militar.";"2023-11-03";"2024-11-02";"ENCERRADO";"https://drive.google.com/file/d/1NWSZQE5R7yJ_UWU_nnmY5a8cddDdQUpf/view?usp=sharing"
"2024";"418101";"1400.01.0057179/2024-94";"CORPO DE BOMBEIROS MILITAR DO ESTADO DE MINAS GERAIS";"BUENÓPOLIS";"Consiste no estabelecimento de condições de cooperação mútua entre os convenentes, visando à execução pelo CBMMG, dos serviços de prevenção e de combate a incêndio, busca e salvamento, resgate e defesa civil em Buenópolis e região.";"2025-08-29";"2026-08-28";"VIGENTE";"SEI_124336412_Termo_Aditivo.pdf"
"2026";"1400.01.0004648/2026-91";"1400.01.0004648/2026-91";"CORPO DE BOMBEIROS MILITAR DO ESTADO DE MINAS GERAIS";"DIAMANTINA";"Estabelecimento de condições de cooperação mútua entre os convenentes, visando a execução pelo CBMMG nos serviços de prevenção e de combate a incêndios, busca e salvamento, atendimento pré-hospitalar (resgate) e defesa civil no Município de Diamantina e região.";"2026-02-28";"2027-02-27";"VIGENTE";"https://drive.google.com/file/d/1MtsOstxkBdjeRubX2M72ZpxfP9qlJxt_/view?usp=sharing"
"2026";"1";"1400.01.0004648/2026-91";"CORPO DE BOMBEIROS MILITAR DO ESTADO DE MINAS GERAIS";"DIAMANTINA";"Estabelecimento de condições de cooperação mútua entre os convenentes, visando a execução pelo CBMMG nos serviços de prevenção e de combate a incêndios, busca e salvamento, atendimento pré-hospitalar (resgate) e defesa civil no Município de Diamantina e região.";"2026-02-28";"2027-02-27";"VIGENTE";"https://drive.google.com/file/d/1nEOTmyQaBjWBKL0bybYhMriKogmFVArN/view?usp=sharing"
"2024";"1";"1400.01.0034403/2024-66";"CORPO DE BOMBEIROS MILITAR DO ESTADO DE MINAS GERAIS";"TRÊS CORAÇÕES";"O estabelecimento de condições de cooperação mútua entre os convenentes, visando a execução pelo CBMMG, dos serviços de prevenção e de combate a incêndio, busca e salvamento, resgate e defesa civil no município e região.";"2024-07-25";"2025-07-24";"ENCERRADO";"https://drive.google.com/file/d/1OqBFPlfMvzgqtnCkfmLPSdRZIgNe3yqw/view?usp=sharing"
"2023";"2";"1400.01.0029554/2023-42";"CORPO DE BOMBEIROS MILITAR DO ESTADO DE MINAS GERAIS";"CARRANCAS";"O estabelecimento de condições de cooperação mútua entre os convenentes, visando à execução pelo CBMMG, dos Serviços de Prevenção e de Combate a Incêndios, Buscas e Salvamentos, Resgate e Defesa Civil no município de Carrancas/MG e região.";"2023-06-23";"2023-12-31";"ENCERRADO";"https://drive.google.com/file/d/1cqhHuJRtZb8tb0sLFpCqFzHrE6tUTnRE/view?usp=sharing"
"2023";"1";"1400.01.0018106/2023-96";"CORPO DE BOMBEIROS MILITAR DO ESTADO DE MINAS GERAIS";"LAMBARI";"O estabelecimento de condições de cooperação mútua entre os convenentes, visando a execução pelo CBMMG, dos serviços de prevenção e de combate a incêndio, busca e salvamento, resgate e defesa civil no município e região.";"2024-08-12";"2025-08-12";"ENCERRADO";"https://drive.google.com/file/d/1m5GpeURyDC7ETG1SLYazW1pGaCu4XCwL/view?usp=sharing"
"2023";"1";"1400.01.0017822/2023-04";"CORPO DE BOMBEIROS MILITAR DO ESTADO DE MINAS GERAIS";"MONSENHOR PAULO";"O estabelecimento de condições de cooperação mútua entre os convenentes, visando a execução pelo CBMMG, dos serviços de prevenção e de combate a incêndio, busca e salvamento, resgate e defesa civil no município e região.";"2024-01-01";"2024-12-31";"ENCERRADO";"https://drive.google.com/file/d/1LrgADlG-93ljrIYpFnJ1ofm_t7HpmUtH/view?usp=sharing"
"2023";"1";"1400.01.0006511/2023-45";"CORPO DE BOMBEIROS MILITAR DO ESTADO DE MINAS GERAIS";"TRÊS CORAÇÕES";"O estabelecimento de condições de cooperação mútua entre os convenentes, visando a execução pelo CBMMG, dos serviços de prevenção e de combate a incêndio, busca e salvamento, resgate e defesa civil no município e região.";"2023-05-23";"2024-05-22";"ENCERRADO";"https://drive.google.com/file/d/17FVSOQpfAKKKD7UQY8oQlt5AuhV3k2-n/view?usp=sharing"
"2023";"1";"1400.01.0074408/2022-32";"CORPO DE BOMBEIROS MILITAR DO ESTADO DE MINAS GERAIS";"SÃO LOURENÇO";"Estabelecimento de condições de cooperação mútua entre os convenentes, com fito de proporcionar a execução pelo CBMMG, dos serviços de Prevenção e de Combate a Incêndio, Busca e Salvamento e Defesa Civil no Município de São Lourenço e região, bem como o atendimento Pré-Hospitalar (Resgate) em co-gestão pelas instituições envolvidas.";"2026-02-12";"2027-02-11";"VIGENTE";"https://drive.google.com/file/d/10L4fWwPpVPBzctnyoWCZwTOMuyMVHZKg/view?usp=sharing"
"2023";"1";"1400.01.0072559/2022-97";"CORPO DE BOMBEIROS MILITAR DO ESTADO DE MINAS GERAIS";"VARGINHA";"O estabelecimento de condições de cooperação mútua entre os convenentes, com o fito de proporcionar a execução pelo CBMMG, dos serviços de Prevenção e de Combate a Incêndio, Busca e Salvamento e Defesa Civil no Município de Varginha e região, bem como o atendimento Pré-Hospitalar (Resgate) em co-gestão pelas instituições envolvidas.";"2024-01-24";"2025-01-23";"ENCERRADO";"https://drive.google.com/file/d/1Eyrz4_ztRGn01U-XiP7Q_ITVyAM6cXoG/view?usp=sharing"
"2023";"1";"1400.01.0068914/2022-57";"CORPO DE BOMBEIROS MILITAR DO ESTADO DE MINAS GERAIS";"LAVRAS";"O estabelecimento de condições de cooperação mútua entre os convenentes, visando a execução pelo CBMMG, dos serviços de prevenção e de combate a incêndio, busca e salvamento, resgate e defesa civil no município e região.";"2023-01-20";"2024-01-19";"ENCERRADO";"https://drive.google.com/file/d/1T-tX98sapcOfkOmqH8_goDJobPFJTJRZ/view?usp=sharing"
"2022";"2";"1400.01.0065214/2022-47";"CORPO DE BOMBEIROS MILITAR DO ESTADO DE MINAS GERAIS";"TRÊS CORAÇÕES";"O estabelecimento de condições de cooperação mútua entre os convenentes, visando a execução pelo CBMMG, dos serviços de prevenção e de combate a incêndio, busca e salvamento, resgate e defesa civil no município e região.";"2022-12-07";"2022-12-31";"ENCERRADO";"https://drive.google.com/file/d/1282sLuaaJc5e0qTdGwlaFuyTBUTpYOLu/view?usp=sharing"
"2022";"2";"1400.01.0010545/2022-61";"CORPO DE BOMBEIROS MILITAR DO ESTADO DE MINAS GERAIS";"SÃO LOURENÇO";"O estabelecimento de condições de cooperação mútua entre os convenentes, visando a contratação de serviços para a manutenção e conservação do prédio do 3º Pel/2ª Cia/9º BBM (São Lourenço), cito a Rua Dr. Ribeiro da Luz, 305, Centro, São Lourenço/MG, com execução da pintura interna e externa (incluindo paredes, tetos, portões, grades, envernizamento de madeiras de varandas externas), adaptação de sistema de coleta de águas pluviais no telhado, adequação do pavimento térreo (incluindo a substituição/instalação de janelas e portas de vidro temperado e a aplicação de piso), conforme descrito no anexo deste convênio.";"2024-03-18";"2026-03-18";"ENCERRADO";"https://drive.google.com/file/d/1H2h5dnTyR3Z_CbiH2PcQcqob8aoOdY-h/view?usp=sharing"
"2022";"1";"1400.01.0070237/2021-35";"CORPO DE BOMBEIROS MILITAR DO ESTADO DE MINAS GERAIS";"SÃO LOURENÇO";"O estabelecimento de condições de cooperação mútua entre os convenentes, visando à execução pelo CBMMG dos serviços de Prevenção e Combate a Incêndio, Busca e Salvamento, Resgates e Defesa Civil no município de São Lourenço e região.";"2022-01-01";"2022-12-31";"ENCERRADO";"https://drive.google.com/file/d/1Yl-VubsOKs7pF-hObrIgtdnigTDPD3Vr/view?usp=sharing"
"2022";"1";"1400.01.0066722/2021-74";"CORPO DE BOMBEIROS MILITAR DO ESTADO DE MINAS GERAIS";"RIBEIRÃO VERMELHO";"O estabelecimento de condições de cooperação mútua entre os convenentes, visando a execução pelo CBMMG, dos serviços de prevenção e de combate a incêndio, busca e salvamento, atendimento pré-hospitalar (resgate) e defesa civil no município de Ribeirão Vermelho e região.";"2022-03-29";"2023-03-28";"ENCERRADO";"https://drive.google.com/file/d/1WANVb4ddyZVIBociHj8Sq0n2259OPEdC/view?usp=sharing"
"2022";"1";"1400.01.0060221/2021-31";"CORPO DE BOMBEIROS MILITAR DO ESTADO DE MINAS GERAIS";"MONSENHOR PAULO";"O estabelecimento de condições de cooperação mútua entre os convenentes, visando a execução pelo CBMMG, dos serviços de prevenção e de combate a incêndio, busca e salvamento, resgate e defesa civil no município e região.";"2022-03-17";"2023-03-16";"ENCERRADO";"https://drive.google.com/file/d/1aDuK50NM5LkpWQFsf5ezbj5z0So52tVM/view?usp=sharing"
"2022";"1";"1400.01.0060168/2021-07";"CORPO DE BOMBEIROS MILITAR DO ESTADO DE MINAS GERAIS";"LAMBARI";"O estabelecimento de condições de cooperação mútua entre os convenentes, visando a execução pelo CBMMG, dos serviços de prevenção e de combate a incêndio, busca e salvamento, resgate e defesa civil no município e região.";"2022-04-25";"2023-04-24";"ENCERRADO";"https://drive.google.com/file/d/1CjcaafQNRboeQRQ6nv5IffOWiGg9m3CV/view?usp=sharing"
"2022";"1";"1400.01.0057569/2021-49";"CORPO DE BOMBEIROS MILITAR DO ESTADO DE MINAS GERAIS";"TRÊS CORAÇÕES";"O estabelecimento de condições de cooperação mútua entre os convenentes, visando a execução pelo CBMMG, dos serviços de prevenção e de combate a incêndio, busca e salvamento, resgate e defesa civil no município e região.";"2022-01-01";"2022-12-31";"ENCERRADO";"https://drive.google.com/file/d/1Na2fE3lgROITWuGteyWx8mrjClplqVtL/view?usp=sharing"
"2022";"1";"1400.01.0057405/2021-15";"CORPO DE BOMBEIROS MILITAR DO ESTADO DE MINAS GERAIS";"CAMBUQUIRA";"O estabelecimento de condições de cooperação mútua entre os convenentes, visando a execução pelo CBMMG, dos serviços de prevenção e de combate a incêndio, busca e salvamento, resgate e defesa civil no município e região.";"2022-03-10";"2023-03-09";"ENCERRADO";"https://drive.google.com/file/d/1JAKKHDuofRfJvJwKFHc-xkP7heqPTgtF/view?usp=sharing"
"2021";"48";"1400.01.0055513/2021-77";"CORPO DE BOMBEIROS MILITAR DO ESTADO DE MINAS GERAIS";"VARGINHA";"A transferência dos recursos públicos oriundos de Emenda Parlamentar Impositiva a serem utilizados na execução do projeto de aquisição de equipamentos para as ações necessárias de prevenção e salvamento aquático no Município de Varginha e Região, conforme Plano de Trabalho apresentado pelo 9º BBM, incluído a correta aplicação e execução em conformidade com as legislações vigentes.";"2021-12-21";"2022-12-20";"ENCERRADO";"https://drive.google.com/file/d/1Mm6KlrbG6UOVqJgzSxAH1RQbOY3_E-VQ/view?usp=sharing"
"2022";"1";"1400.01.0047809/2021-20";"CORPO DE BOMBEIROS MILITAR DO ESTADO DE MINAS GERAIS";"PERDÕES";"O estabelecimento de condições de cooperação mútua entre os convenentes, visando a execução pelo CBMMG, dos serviços de prevenção e de combate a incêndio, busca e salvamento, atendimento pré-hospitalar (resgate) e defesa civil no município de Perdões e região.";"2023-03-23";"2024-03-22";"ENCERRADO";"https://drive.google.com/file/d/1oTMIKX4QNF2xzc6V3lOd5cYZd88yjs2w/view?usp=sharing"
"2022";"1";"1400.01.0047485/2021-38";"CORPO DE BOMBEIROS MILITAR DO ESTADO DE MINAS GERAIS";"LUMINÁRIAS";"Estabelecimento de condições de cooperação mútua entre os convenentes, visando a execução pelo Convenente, dos Serviços de Prevenção e Combate a Incêndio, Busca e Salvamento, Atendimento PréHospitalar (Resgate) e defesa Civil no Município de Lumnárias e região.";"2022-02-24";"2023-02-23";"ENCERRADO";"https://drive.google.com/file/d/1Im_o_pxp16AOWVwlRtMRJA1ZkyUHWAGC/view?usp=sharing"
"2022";"1";"1400.01.0047484/2021-65";"CORPO DE BOMBEIROS MILITAR DO ESTADO DE MINAS GERAIS";"CARRANCAS";"Estabelecimento de condições de cooperação mútua entre os convenentes, visando a execução pelo Convenente, dos Serviços de Prevenção e Combate a Incêndio, Busca e Salvamento, Atendimento PréHospitalar (Resgate) e Defesa Civil no Município de Carrancas e região.";"2022-02-24";"2023-02-23";"ENCERRADO";"https://drive.google.com/file/d/1jVC7gFt5ccMuCX0SF34ZGOEMNhLLyCGV/view?usp=sharing"
"2021";"1";"1400.01.0041287/2021-59";"CORPO DE BOMBEIROS MILITAR DO ESTADO DE MINAS GERAIS";"IJACI";"Estabelecimento de condições de cooperação mútua entre os convenentes, visando a execução pelo Convenente, dos Serviços de Prevenção e Combate a Incêndio, Busca e Salvamento, Atendimento Pré-Hospitalar (Resgate) e Defesa Civil no Município de Ijaci e região.";"2022-10-26";"2023-10-25";"ENCERRADO";"https://drive.google.com/file/d/1VDt2sjGt9avoHQU6uvBPEhk1DKlCmei7/view?usp=sharing"
"2021";"1";"1400.01.0020345/2021-80";"CORPO DE BOMBEIROS MILITAR DO ESTADO DE MINAS GERAIS";"TRÊS CORAÇÕES";"Estabelecimento de condições de cooperação mútua entre os convenentes, com fito de proporcionar a execução pelo CBMMG, dos Serviços de Prevenção e de Combate a Incêndio, Busca e Salvamento e Defesa Civil no Município de Três Corações e região, bem como o atendimento Pré-Hospitalar (Resgate) em co-gestão pelas instituições envolvidas.";"2021-01-01";"2021-12-31";"ENCERRADO";"https://drive.google.com/file/d/1bZkaOP1agC9HtovBJGJWrjDLXzlhUuPr/view?usp=sharing"
"2021";"1";"1400.01.0018693/2021-64";"CORPO DE BOMBEIROS MILITAR DO ESTADO DE MINAS GERAIS";"BOA ESPERANÇA";"Estabelecimento de condições de cooperação mútua entre os convenentes, com fito de proporcionar a execução pelo CBMMG, dos Serviços de Prevenção e de Combate a Incêndio, Busca e Salvamento e Defesa Civil no Município de Boa Esperança e região, bem como o atendimento Pré-Hospitalar (Resgate) em co-gestão pelas instituições envolvidas.";"2025-02-07";"2026-02-06";"ENCERRADO";"https://drive.google.com/file/d/1SrrVssoZYRZUIpEShtYZ8meR_69sEE25/view?usp=sharing"
"2021";"1";"1400.01.0009645/2021-17";"CORPO DE BOMBEIROS MILITAR DO ESTADO DE MINAS GERAIS";"SÃO LOURENÇO";"Estabelecimento de condições de cooperação mútua entre os convenentes, visando à execução pelo CBMMG dos serviços de Prevenção e Combate a Incêndios, Busca e Salvamento, Resgates e Defesa Civil no município de São Lourenço e região.";"2021-01-01";"2021-12-31";"ENCERRADO";"https://drive.google.com/file/d/12eghwocpQR1MoYgXqgbDLOdA9RI3Fjj_/view?usp=sharing"
"2018";"1400.01.0040606/2020-19
1400.01.0013784/2018-17";"1400.01.0040606/2020-19
1400.01.0013784/2018-17";"CORPO DE BOMBEIROS MILITAR DO ESTADO DE MINAS GERAIS";"BELO HORIZONTE";"Estabelecimento de diretrizes para regulação das ações e da cooperação dos atendimentos a ocorrências e emergências pré-hospitalares na Macrorregião Sul de Minas Gerais, composta pelos municípios da atuação do CISSUL, do 6º Comando Operacional de Bombeiros e do Batalhão de Operações Aéreas.";"2018-04-04";"2023-04-03";"ENCERRADO";"https://drive.google.com/file/d/15gkUA1Okku5TVAjzfFTWSwQwjwhTso2K/view?usp=sharing"
"2016";"1";"1400.01.0002560/2020-31
1400.01.0030984/2018-53";"CORPO DE BOMBEIROS MILITAR DO ESTADO DE MINAS GERAIS";"EXTREMA";"Estabelecimento de condições de cooperação mútua entre os convenentes, visando à execução pelo CBMMG dos serviços de Prevenção e Combate a Incêndios, Busca e Salvamento, Resgates e Defesa Civil no município de Extrema e região.";"2020-01-29";"2021-01-28";"ENCERRADO";"https://drive.google.com/file/d/15agqw0Vz__0FfR0S8-c_nU8aurNO8RY-/view?usp=sharing"
"2019";"1";"1400.01.0016997/2019-78";"CORPO DE BOMBEIROS MILITAR DO ESTADO DE MINAS GERAIS";"TRÊS CORAÇÕES";"Estabelecimento de condições de cooperação mútua entre os convenentes, com o fito de proporcionar a execução pelo CBMMG, dos Serviços de Prevenção e de Combate a Incêndio, Busca e Salvamento e Defesa Civil no MUnicípio de Três Corações e região, bem como o atendimento Pré-Hospitalar (Resgate) em co-gestão pelas instituições emvolvidas.";"2020-01-01";"2020-12-31";"ENCERRADO";"https://drive.google.com/file/d/1ys4I4WSGj6wzDw0Q5WCYvgOhUz7IMsvf/view?usp=sharing"
"2019";"2";"1400.01.0013396/2019-14";"CORPO DE BOMBEIROS MILITAR DO ESTADO DE MINAS GERAIS";"VARGINHA";"Estabelecimento de condições de cooperação mútua entre os convenentes, com o fito de proporcionar a execução pelo CBMMG, dos Serviços de Prevenção e de Combate a Incêndio, Busca e Salvamento e Defesa Civil no MUnicípio de Varginha e região, bem como o atendimento Pré-Hospitalar (Resgate) em co-gestão pelas instituições emvolvidas.";"2019-12-14";"2020-12-13";"ENCERRADO";"https://drive.google.com/file/d/1SUwKttzfAt6fhQMbpwEgXzLa_LvtNuIT/view?usp=sharing"
"2020";"32";"1400.01.0013396/2019-14";"CORPO DE BOMBEIROS MILITAR DO ESTADO DE MINAS GERAIS";"VARGINHA";"Estabelecimento de condições de cooperação mútua entre os convenentes, com o fito de proporcionar a execução pelo CBMMG, dos Serviços de Prevenção e de Combate a Incêndio, Busca e Salvamento e Defesa Civil no MUnicípio de Varginha e região, bem como o atendimento Pré-Hospitalar (Resgate) em co-gestão pelas instituições emvolvidas.";"2021-12-21";"2022-12-20";"ENCERRADO";"https://drive.google.com/file/d/1m9K4I7_mDdyy3FE9VIbmnDkCZaK9Xhz6/view?usp=sharing"
"2018";"1";"1400.01.0000392/2019-79
1400.01.0004986/2019-07";"CORPO DE BOMBEIROS MILITAR DO ESTADO DE MINAS GERAIS";"BOA ESPERANÇA";"Estabelecimento de condições de cooperação mútua entre os convenentes, visando à execução pelo CBMMG dos serviços de prevenção e combate a incêndio, busca e salvamento, resgate e defesa civil no Município de Boa Esperança e região.";"2020-02-07";"2021-02-06";"ENCERRADO";"https://drive.google.com/file/d/1nJRGDes2jJCJBQ1uCsVFjpd_z6RRu_B6/view?usp=sharing"
"2018";"1";"1400.01.0030417/2018-36
1400.01.0041179/2021-65";"CORPO DE BOMBEIROS MILITAR DO ESTADO DE MINAS GERAIS";"LAVRAS";"Estabelecimento de condições de cooperação mútua entre os convenentes, visando à execução pelo CBMMG dos serviços de prevenção e combate a incêndio, busca e salvamento, resgate e defesa civil no Município de Lavras/MG e região.";"2022-01-01";"2022-12-31";"ENCERRADO";"https://drive.google.com/file/d/1U4sagE6RVk91ATzf33VAQ2fb-LQtzHS4/view?usp=sharing"
"2018";"1";"1400.01.0025870/2018-03";"CORPO DE BOMBEIROS MILITAR DO ESTADO DE MINAS GERAIS";"POUSO ALEGRE";"Estabelecimento de condições de cooperação mútua entre os convenentes, com o fito de proporcionar a execução pelo CBMMG, dos serviços de prevenção e de combate a incêndio, busca e salvamento e defesa civil no município de Pouso Alegre e região, bem como o atendimento pré-hospitalar (resgate) em cogestão pelas instituições envolvidas.";"2018-01-01";"2020-12-31";"ENCERRADO";"https://drive.google.com/file/d/1bBQF1JTXJB_lmQptRquJAt-6BBkGbaz9/view?usp=sharing"
"2018";"1";"1400.01.0021532/2018-50";"CORPO DE BOMBEIROS MILITAR DO ESTADO DE MINAS GERAIS";"SÃO LOURENÇO";"Estabelecimento de condições de cooperação mútua entre os convenentes, visando à execução pelo CBMMG dos serviços de Prevenção e Combate a Incêndios, Busca e Salvamentos, Resgate e Defesa Civil no município de São Lourenço e região";"2018-03-17";"2020-12-31";"ENCERRADO";"https://drive.google.com/file/d/19bRSvnEDqSw4RaMUDgFQP707-BCULX6A/view?usp=sharing"
"2018";"1";"1400.01.0021478/2018-53";"CORPO DE BOMBEIROS MILITAR DO ESTADO DE MINAS GERAIS";"TRÊS CORAÇÕES";"Estabelecimento de condições de condições de cooperação mútua entre os convenentes, com o fito de proporcionar a execução pelo CBMMG, dos Serviços de Prevenção e de Combate a Incêndio, Busca e Salvamento e Defesa Civil no Município de Três Corações e região, bem como o atendimento Pré-Hospitlar (Resgate) em co-gestão pelas instituições envolvidas.";"2018-01-01";"2018-12-31";"ENCERRADO";"https://drive.google.com/file/d/10fcIZQm7dFxnezxvSIa06c2rvexlwYUQ/view?usp=sharing"
"2025";"609223";"1400.01.0015372/2025-91";"CORPO DE BOMBEIROS MILITAR DO ESTADO DE MINAS GERAIS";"TRÊS CORAÇÕES";"Estabelecimento de condições de cooperação mútua entre os convenentes, visando a execução pelo CBMMG, dos serviços de prevenção e de combate a incêndio, busca e salvamento, resgate e defesa civil no município e região.";"2025-10-16";"2026-10-15";"VIGENTE";"Convenio_N_01_2025_(119690672).pdf"
"2025";"609001";"1400.01.0002893/2025-46";"CORPO DE BOMBEIROS MILITAR DO ESTADO DE MINAS GERAIS";"VARGINHA";"Estabelecimento de condições de cooperação mútua entre os convenentes, com o fito de proporcionar a execução pelo CBMMG, dos serviços de Prevenção e de Combate a Incêndio, Busca e Salvamento e Defesa Civil no Município de Varginha e região, bem como o atendimento Pré-Hospitalar (Resgate) em co-gestão pelas instituições envolvidas.";"";"";"PENDENTE";"https://drive.google.com/file/d/1W-G6dpzvHjqQL8WlgygM-w0u3jfNoeJm/view?usp=sharing"
"2025";"6.09.0.0.2";"1400.01.0043537/2025-19";"CORPO DE BOMBEIROS MILITAR DO ESTADO DE MINAS GERAIS";"BOA ESPERANÇA";"Cuida-se de proposta de convênio que tem como objeto o repasse financeiro, por parte da Prefeitura Municipal de Boa Esperança/MG, no valor total de R$ 1.000.000.00 (um milhão de reais), ao Corpo de Bombeiros Militar de Minas Gerais, para viabilizar a realização de licitação destinada à reforma e ampliação das instalações do Posto Avançado de Bombeiros em Boa Esperança, localizado na Rua Tonico Rodrigues, 400, bairro Santa Terezinha, CEP 37.170-000, nº de matrícula 5031.73L2, haja vista que o custo estimado do empreendimento é de R$ 1.794,810,83 (um milhão, setecentos e noventa e quatro mil, oitocentos e dez reais e oitenta e três centavos), no qual o CBMMG, por meio da Unidade Executora do 6º Comando Operacional de Bombeiros, dispõe do montante de R$ 965.000,00 (novecentos e sessenta e cinco mil reais). 

Além das obras estruturais, havendo disponibilidade orçamentária e financeira, o objeto do convênio contemplará a aquisição de mobiliários e equipamentos operacionais, que contribuam para a melhoria do atendimento operacional nas ocorrências de competência do Corpo de Bombeiros Militar no município e região, ampliando a capacidade de resposta e eficiência dos serviços prestados à população.";"2026-02-06";"2028-02-05";"VIGENTE";"cv_6.009.0.0.2_25_boa_esperanca.pdf"
"2026";"609101";"1400.01.0012437/2026-84";"CORPO DE BOMBEIROS MILITAR DO ESTADO DE MINAS GERAIS";"BOA ESPERENÇA";"estabelecimento de condições de cooperação mútua entre os convenentes, com o fito de proporcionar a execução pelo CBMMG, dos serviços de Prevenção e de Combate a Incêndio, Busca e Salvamento, resgate e Defesa Civil no Município de Boa Esperança e região.";"";"";"TRATATIVA";""
"2022";"1";"1400.01.0028342/2022-80";"CORPO DE BOMBEIROS MILITAR DO ESTADO DE MINAS GERAIS";"CONCEIÇÃO DOS OUROS";"O estabelecimento de condições de cooperação mútua entre os convenentes, visando à criação, manutenção e o credenciamento da Brigada Municipal de Conceição dos Ouros, para execução dos serviços de prevenção e combate a incêndio e atendimento a emergências, conforme prescreve o § 2o do artigo 3o da Lei Federal no 13 .425/2017 c/c o caput do artigo 8o da Portaria do CBMMG no 49/2020";"2022-11-04";"2024-11-03";"ENCERRADO";"https://drive.google.com/file/d/1P6KIQdugK6xVubUST2WoLexkqr6Oui_6/view?usp=sharing"
"2022";"1";"1400.01.0034153/2021-35";"CORPO DE BOMBEIROS MILITAR DO ESTADO DE MINAS GERAIS";"PARAISÓPOLIS";"Estabelecimento de condições de cooperação mútua entre os convenentes, visando à criação, manutenção e o credenciamento da Brigada Municipal de Paraisópolis, para execução dos serviços de prevenção e combate a incêndio e atendimento a emergências, conforme prescreve o § 2º do artigo 3º da Lei Federal nº 13.425/2017 c/c o caput do artigo 8º da Portaria do CBMMG nº 49 de 02 de julho de 2020.";"2024-03-30";"2026-03-29";"ENCERRADO";"https://drive.google.com/file/d/1bUbweKBcG41baMXcWzpZqqJkenuqqeNi/view?usp=sharing"
"2021";"1";"1400.01.0003818/2021-12";"CORPO DE BOMBEIROS MILITAR DO ESTADO DE MINAS GERAIS";"EXTREMA";"Estabelecimento de condições de cooperação mútua entre os convenentes, com o fito de proporcionar a execução pelo CBMMG, dos Serviços de Prevenção e de Combate a Incêndio, Busca e Salvamento e Defesa Civil no Município de Extrema e região, bem como o atendimento Pré-Hospitalar (Resgate) em co-gestão pelas instituições envolvidas.";"2021-01-29";"2025-01-28";"ENCERRADO";"https://drive.google.com/file/d/1q9iqsaEV1dCG6AYJ3Ys5R51g5u8E1XES/view?usp=sharing"
"2021";"1";"1400.01.0019769/2020-18";"CORPO DE BOMBEIROS MILITAR DO ESTADO DE MINAS GERAIS";"ITAJUBÁ";"Estabelecimento de condições de cooperação mútua entre os convenentes, com fito de proporcionar a execução pelo CBMMG, dos Serviços de Prevenção e Combate a Incêndio, Busca e Salvamento e Defesa Civil no Município de Itajubá e região, bem como o atendimento Pré-Hospitalar (Resgate) em co-gestão pelas instituições envolvidas.";"2021-01-01";"2024-12-31";"ENCERRADO";"https://drive.google.com/file/d/1gKxNOMwcg0FUiUKSjJ_Fz31lYQLQm0jY/view?usp=sharing"
"2021";"1";"1400.01.0019766/2020-02";"CORPO DE BOMBEIROS MILITAR DO ESTADO DE MINAS GERAIS";"POUSO ALEGRE";"Estabelecimento de condições de cooperação mútua entre os convenentes, com fito de proporcionar a execução pelo CBMMG, dos Serviços de Prevenção e Combate a Incêndio, Busca e Salvamento e Defesa Civil no Município de Pouso Alegre e região, bem como o atendimento Pré-Hospitalar (Resgate) em co-gestão pelas instituições envolvidas.";"2021-01-01";"2024-12-31";"ENCERRADO";"https://drive.google.com/file/d/120-2gWdThQRUDpVfj4PDcN2hp_AHk6p0/view?usp=sharing"
"2024";"619001";"1400.01.0074517/2024-90";"CORPO DE BOMBEIROS MILITAR DO ESTADO DE MINAS GERAIS";"POUSO ALEGRE";"Convênio com repasse anual R$117.000,00, visando a execução pelo CBMMG, dos Serviços de Prevenção e de Combate a Incêndios, Buscas e Salvamentos, Resgate e Defesa Civil no município de Pouso Alegre – MG.";"2025-05-15";"2029-05-14";"VIGENTE";"https://drive.google.com/file/d/1hrjBiEGFDRP8BeoOPeCLIyeHhNOTpRHz/view?usp=sharing"
"2025";"1";"1400.01.0087396/2024-05";"CORPO DE BOMBEIROS MILITAR DO ESTADO DE MINAS GERAIS";"POUSO ALEGRE";"O presente Termo de Cooperação Técnica tem por objetivo a integração das atividades inerentes à segurança pública junto ao Centro Integrado de Defesa Civil e Social e ao Sistema de Monitoramento Municipal (SIM). Deste modo, a Prefeitura de Pouso Alegre concede o acesso às câmeras de monitoramento do Município a 7ª Companhia Independente de Bombeiros Militar, através de software a ser disponibilizado e instalado na SOU da unidade.";"2025-05-31";"2029-05-30";"VIGENTE";"https://drive.google.com/file/d/1HqT0Lx2sRzlKSysYOcbU_Yd6GtnVBzHJ/view?usp=sharing"
"2025";"619131";"1400.01.0014087/2025-60";"CORPO DE BOMBEIROS MILITAR DO ESTADO DE MINAS GERAIS";"EXTREMA";"Estabelecimento de condições de cooperação mútua entre os convenentes, com o fito de proporcionar a execução pelo CBMMG, dos Serviços de Prevenção e de Combate a Incêndio, Busca e Salvamento e Defesa Civil no Município de Extrema e região, bem como o atendimento Pré-Hospitalar (Resgate) em co-gestão pelas instituições envolvidas.";"2025-08-08";"2029-08-07";"VIGENTE";"https://drive.google.com/file/d/1wqXiaAgNOthHbawvqTU-w3xnl5ReSmYQ/view?usp=sharing"
"2025";"619123";"1400.01.0026434/2025-80";"CORPO DE BOMBEIROS MILITAR DO ESTADO DE MINAS GERAIS";"ITAJUBÁ";"Estabelecimento de condições de cooperação mútua entre os
convenentes, visando à execução pelo CBMMG, dos serviços de prevenção e de combate a incêndio, busca e
salvamento, resgate e apoio à defesa civil no município e região.";"2025-08-09";"2027-08-08";"VIGENTE";"https://drive.google.com/file/d/1NoUr0A4SijPhN5uMbt3hesNKEaJHlOkt/view?usp=sharing"
"2026";"619021";"1400.01.0016583/2026-80";"CORPO DE BOMBEIROS MILITAR DO ESTADO DE MINAS GERAIS";"PARAISÓPOLIS";"Estabelecimento de condições de cooperação mútua entre os convenentes, visando à criação, manutenção e o credenciamento da Brigada Municipal de Paraisópolis, para execução dos serviços de prevenção e combate a incêndio e atendimento a emergências, conforme prescreve o § 2º do artigo 3º da Lei Federal nº 13.425/2017 c/c o caput do artigo 8º da Portaria do CBMMG nº 49 de 02 de julho de 2020.";"";"";"TRATATIVA";""
"2025";"110422";"1400.01.0040733/2025-67";"CORPO DE BOMBEIROS MILITAR DO ESTADO DE MINAS GERAIS";"OLIVEIRA";"O presente convênio tem por objeto o estabelecimento de condições de cooperação mútua entre os convenentes, visando à execução pelo CBMMG, dos serviços de prevenção e de combate a incêndio, busca e salvamento, resgate e defesa civil no município e região.";"2025-10-03";"2029-10-02";"VIGENTE";"https://drive.google.com/file/d/19QrW_HZmciVgqyueSr572umugc-ydPiJ/view?usp=sharing"
"2024";"1.10.4.0.4";"1400.01.0084971/2024-05";"CORPO DE BOMBEIROS MILITAR DO ESTADO DE MINAS GERAIS";"ARCOS";"O presente convênio tem por objeto o estabelecimento de condições de cooperação mútua entre os convenentes, visando à execução pelo CBMMG, dos Serviços de Prevenção e de Combate a Incêndios, Buscas e Salvamentos, Resgate e Defesa Civil no município de Arcos e região.";"2024-12-30";"2025-12-31";"ENCERRADO";"https://drive.google.com/file/d/1O9oa_a_va9XDExWDljsYa_I8o-kBznvv/view?usp=sharing"
"2024";"1.10.4.0.1";"1400.01.0005419/2024-38";"CORPO DE BOMBEIROS MILITAR DO ESTADO DE MINAS GERAIS";"LAGOA DA PRATA";"O presente convênio tem por objeto o estabelecimento de condições de cooperação mútua entre os convenentes, visando à execução pelo CBMMG, dos serviços de prevenção e de combate a incêndio, busca e salvamento, resgate, e de proteção e defesa civil, no município e região.";"2024-11-26";"2025-11-25";"ENCERRADO";"https://drive.google.com/file/d/1Q_QuIHm03-oOznTxKEf11ievxQ5rAHOK/view?usp=sharing"
"2024";"110202";"1400.01.0050115/2023-26";"CORPO DE BOMBEIROS MILITAR DO ESTADO DE MINAS GERAIS";"PAPAGAIOS";"O objeto do presente Termo consiste na cessão de uso à título gratuito a posse de uma área de 16m2 (dezesseis metros quadrados) do terreno localizado no Endereço: Rua Francisco Valadares da Fonseca, 250, b. Vasco Lopes, Papagaios / MG, com as seguintes coordenadas geográficas: 19°27'01.6""S, 44°44'15.8""W e altitude 760 metros, para instalação de sítio de telecomunicações do CBMMG, abrangendo por torre, cercamento, padrão de energia, abrigo e outras estruturas que se fizerem necessárias para instalação equipamentos de telecomunicações. De forma a permitir ao Corpo de Bombeiros Militar de Minas Gerais, exercer suas atividades de defesa civil, prevenção, combate a incêndios, buscas, salvamento e socorros no município de Papagaios, contribuindo para a ampliação da cobertura e melhoria na qualidade da rede de radiocomunicação do CBMMG, permitindo assim um melhor gerenciamento nos atendimento às ocorrências, atendendo desta forma aos interesses comuns dos partícipes.";"2024-10-12";"2049-10-11";"VIGENTE";"https://drive.google.com/file/d/1ZSzjUiohvVOKEVitOhoVe0J5OCz87KjX/view?usp=sharing"
"2024";"110401";"1400.01.0023069/2022-55";"CORPO DE BOMBEIROS MILITAR DO ESTADO DE MINAS GERAIS";"CANDEIAS";"Estabelecimento de condições de cooperação mútua entre os convenentes, visando à criação, manutenção e o credenciamento da Brigada Municipal de Candeias, para execução dos serviços de prevenção e combate a incêndio e atendimento a emergências, conforme prescreve o § 2º do artigo 3º da Lei Federal nº 13.425/2017 c/c o caput do artigo 8º da Portaria do CBMMG nº 49 de 02 de julho de 2020.";"2025-01-03";"2027-01-02";"VIGENTE";"https://drive.google.com/file/d/1d3DIMdgay9dhS5OnR4KsUv4FMuh1ZBHt/view?usp=sharing"
"2024";"110203";"1400.01.0068786/2023-18";"CORPO DE BOMBEIROS MILITAR DO ESTADO DE MINAS GERAIS";"PARÁ DE MINAS";"O presente convênio tem por objeto o estabelecimento de condições de cooperação mútua entre os convenentes, visando à execução pelo CBMMG do Projeto Social Bombeiro Mirim.";"2024-11-19";"2024-12-31";"ENCERRADO";"https://drive.google.com/file/d/1sZ4sGd7TX9_jzTXsLa3lrOMXnDc2YaLq/view?usp=sharing"
"2023";"75";"1400.01.0057309/2023-79
1400.01.0076227/2023-95";"CORPO DE BOMBEIROS MILITAR DO ESTADO DE MINAS GERAIS";"DIVINÓPOLIS";"Ajuste entre as partes para fins de execução do repasse de recursos púbicos para dar cumprimento à Emenda Parlamentar de nº 27560001, vigente conforme Lei Orçamentária Anual n° 9.159 de 22 de dezembro de 2022, indicada pelo Vereador da Câmara Municipal de Divinópolis, Eduardo Print Junior via Deputado Federal Domingos Sávio, conforme § 1° do art. 88-A da Lei Orgânica Municipal de Divinópolis/MG.";"2025-01-01";"2025-12-31";"ENCERRADO";"https://drive.google.com/file/d/1bRX5kAWRBjQ-9KTQANQvmawZsKazWytV/view?usp=sharing"
"2024";"5";"1400.01.0077744/2023-70";"CORPO DE BOMBEIROS MILITAR DO ESTADO DE MINAS GERAIS";"ARCOS";"O presente convênio tem por objeto o estabelecimento de condições de cooperação mútua entre os convenentes, visando à execução pelo CBMMG, dos Serviços de Prevenção e de Combate a Incêndios, Buscas e Salvamentos, Resgate e Defesa Civil no município de Arcos e região.";"2024-02-20";"2024-12-31";"ENCERRADO";"https://drive.google.com/file/d/1S2wmz1LNiS6NG_CjB4UYr4SnPTnjoFRB/view?usp=sharing"
"2023";"66";"1400.01.0054739/2023-17";"CORPO DE BOMBEIROS MILITAR DO ESTADO DE MINAS GERAIS";"DIVINÓPOLIS";"execução do repasse de recursos púbicos para dar cumprimento às Emendas Parlamentares Individuais Impositivas de nº 77/2022, 139/2022, 180/2022, 244/2022 e 285/2022, vigentes conforme Lei Orçamentária Anual n° 9.159 de 22 de dezembro de 2022, indicadas, respectivamente, pelos Vereadores da Câmara Municipal de Divinópolis, Flávio Marra, Kaboja, Ney Burguer, Roger Viegas e Zé Braz, conforme § 1° do art. 88-A da Lei Orgânica Municipal de Divinópolis/MG";"2024-08-01";"2025-12-31";"ENCERRADO";"https://drive.google.com/file/d/1AW8Mlf-w1uaHDvKzITTpSlWoat6kYRND/view?usp=sharing"
"2023";"70";"1400.01.0048330/2023-12";"CORPO DE BOMBEIROS MILITAR DO ESTADO DE MINAS GERAIS";"DIVINÓPOLIS";"execução do repasse de recursos púbicos para dar cumprimento às Emendas Parlamentares Individuais Impositivas de nº 031/2022, 055/2022, 052/2022, 049/2022, 043/2022, 064/2022, 070/2022, 076/2022, vigentes conforme Lei Orçamentária Anual n° 9.159 de 22 de dezembro de 2022, indicadas, respectivamente, pelos Vereadores da Câmara Municipal de Divinópolis, Ademir Silva, Edsom Souza, Eduardo Azevedo, Eduardo Print Júnior, Israel da Farmácia, Lohanna França, Rodyson e Wesley Jarbas, conforme § 1° do art. 88-A da Lei Orgânica Municipal de Divinópolis/MG.";"2023-11-07";"2024-06-30";"ENCERRADO";"https://drive.google.com/file/d/1zuSqO4EuvRyehZSON8Hjp7TNlwcenYPf/view?usp=sharing"
"2022";"42";"1400.01.0010749/2022-82";"CORPO DE BOMBEIROS MILITAR DO ESTADO DE MINAS GERAIS";"ITATIAIUÇU";"O presente convênio tem por objeto o estabelecimento de condições de cooperação mútua entre os convenentes, visando à execução pelo CBMMG, dos serviços de prevenção e de combate a incêndio, busca e salvamento, resgate e defesa civil no município e região.";"2024-05-17";"2025-12-31";"ENCERRADO";"https://drive.google.com/file/d/14QKLqvtJU5878BdFkmajk8s9EgrEW91_/view?usp=sharing"
"2022";"36";"1400.01.0004452/2022-60";"CORPO DE BOMBEIROS MILITAR DO ESTADO DE MINAS GERAIS";"SÃO FRANCISCO DE PAULA";"O presente convênio tem por objeto o estabelecimento de condições de cooperação mútua entre os convenentes, visando o desenvolvimento pelo CBMMG, do Projeto Social Bombeiro Mirim no município de São Francisco de Paula / MG.";"2025-04-02";"2027-04-01";"VIGENTE";"https://drive.google.com/file/d/1D0kuzt4x28Rcz_jIA87yY3XrPcQ6pkP9/view?usp=sharing"
"2022";"5";"1400.01.0061226/2021-56";"CORPO DE BOMBEIROS MILITAR DO ESTADO DE MINAS GERAIS";"NOVA SERRANA";"O presente convênio tem por objeto o estabelecimento de condições de cooperação mútua entre os convenentes, visando à execução pelo CBMMG, dos Serviços de Prevenção e de Combate a Incêndios, Buscas e Salvamentos, Resgate e Defesa Civil no município de Nova Serrana/MG e região.";"2026-01-01";"2026-12-30";"VIGENTE";"https://drive.google.com/file/d/1byB6EKfIWVeqgRZIsSYWcpBeRKB2N8dF/view?usp=sharing"
"2021";"81";"1400.01.0060782/2021-16";"CORPO DE BOMBEIROS MILITAR DO ESTADO DE MINAS GERAIS";"FORMIGA";"O presente convênio tem por objeto o estabelecimento de condições de cooperação mútua entre os convenentes, visando à execução pelo CBMMG, dos Serviços de Prevenção e de Combate a Incêndios, Buscas e Salvamentos, Resgate e Defesa Civil no município de Formiga/MG e região.";"2024-01-01";"2026-12-31";"VIGENTE";"https://drive.google.com/file/d/15W1VUHXK3lUCFVtGGLYBLZGW0in7saUC/view?usp=sharing"
"2022";"75";"1400.01.0059612/2021-81";"CORPO DE BOMBEIROS MILITAR DO ESTADO DE MINAS GERAIS";"DIVINÓPOLIS";"Trata-se da proposta de Convênio a ser celebrado com o Consórcio Intermunicipal de Saúde da Região Ampliada Oeste para Gerenciamento dos Serviços de Urgência e Emergência (Cis-Urg Oeste), cujo objeto o estabelecimento de diretrizes para integração entre o SAMU (Serviço de Atendimento Móvel de Urgência) e o Corpo de Bombeiros Militar de Minas Gerais - CBMMG/10º BBM, referente as ações e coordenação dos atendimentos a ocorrências de urgências e emergências pré-hospitalares, ocorridas nos municípios integrantes da Região Ampliada Oeste para Gerenciamento dos Serviços de Urgência e Emergência (Cis-Urg Oeste) e nos municípios onde possuem Frações de Bombeiro, subordinadas ao 10º BBM-Divinópolis, em conformidade com a Portaria GM/MS nº 2.048 de 05 de novembro de 2002.";"2025-07-30";"2026-07-29";"VIGENTE";"https://drive.google.com/file/d/14vjvqNrX24H4h4S9GoWnCwyN3vn291jb/view?usp=sharing"
"2021";"42";"1400.01.0036034/2021-76";"CORPO DE BOMBEIROS MILITAR DO ESTADO DE MINAS GERAIS";"OLIVEIRA";"Estabelecimento de condições de cooperação mútua entre os convenentes, visando à execução pelo CBMMG dos Serviços de Prevenção e Combate a Incêndios, Busca e Salvamento, Resgate e Defesa Civil no Município de Oliveira e região, conforme Plano de Trabalho, parte integrante deste instrumento.";"2023-06-07";"2025-10-02";"ENCERRADO";"https://drive.google.com/file/d/19MHapgonfBCqn_6QGPMRp3moNlnMy2HC/view?usp=sharing"
"2021";"77";"1400.01.0030989/2021-06";"CORPO DE BOMBEIROS MILITAR DO ESTADO DE MINAS GERAIS";"PARÁ DE MINAS";"Cuida-se de proposta de convênio a ser celebrado entre a Prefeitura Municipal de Pará de Minas e o Corpo de Bombeiros Militar de Minas Gerais (CBMMG), cujo objeto consiste no estabelecimento de condições de cooperação mútua entre os convenentes, visando à execução pelo CBMMG dos Serviços de Prevenção e Combate a Incêndios, Busca e Salvamento, Resgate e Defesa Civil no município de Pará de Minas e região, conforme Plano de Trabalho, parte integrante do instrumento.";"2025-09-01";"2026-08-31";"VIGENTE";"https://drive.google.com/file/d/1oI89pDMA_PU3Suhcc17ww2ucSZTeW5pF/view?usp=sharing"
"2021";"25";"1400.01.0026874/2021-46";"CORPO DE BOMBEIROS MILITAR DO ESTADO DE MINAS GERAIS";"DIVINÓPOLIS";"objeto consiste no estabelecimentos de condições de cooperação mútua entre os convenentes, com o fito de proporcionar a execução pelo CBMMG dos serviços de Atendimento Pré-hospitalar na cidade de Divinópolis e região.";"2024-10-21";"2026-10-20";"VIGENTE";"https://drive.google.com/file/d/12SvjXGYU9o2lmzeqW-JavKkg56YEwSH5/view?usp=sharing"
"2007";"30027";"1400.01.0020872/2021-13
1400.01.0029705/2020-48
1400.01.0016708/2020-21
1400.01.0057450/2019-67";"CORPO DE BOMBEIROS MILITAR DO ESTADO DE MINAS GERAIS";"DIVINÓPOLIS";"CBMMG E DER/MG - COmpra de materiais e equipamentos, obras, reformas, ampliação dos aquartelamentos, destinados a implementação do Projeto Estruturador ""Corredores Radiais de Integração e Desenvolvimento"" - Rodovia MG-050";"2007-10-10";"2032-10-10";"VIGENTE";"https://drive.google.com/file/d/1Hl4Wm-JRpXiCdc_d34BDcXXaWddxMzHu/view?usp=sharing"
"2020";"1";"1400.01.0022835/2020-74";"CORPO DE BOMBEIROS MILITAR DO ESTADO DE MINAS GERAIS";"DIVINÓPOLIS";"Trata-se de minuta de Convênio cujo objeto consiste na disponibilização pelo SAMU, através do Consórcio Intermunicipal de Saúde da Região Ampliada Oeste para Gerenciamento dos Serviços de Urgência e Emergência (Cis-Urg Oeste), de 01 (um) estagiário da área de comunicação social para prestação de serviços junto ao CBMMG / 10º BBM, sendo que o estagiário não terá, em nenhuma hipótese, vínculo empregatício com o CBMMG.";"2024-08-01";"2025-07-31";"ENCERRADO";"https://drive.google.com/file/d/10YUusO29m6G7vfe7KlVRsNtUeELQ3zXQ/view?usp=sharing"
"2020";"18";"1400.01.0004041/2020-08";"CORPO DE BOMBEIROS MILITAR DO ESTADO DE MINAS GERAIS";"DIVINÓPOLIS";"Estabelecimentos de condições de cooperação mútua entre os convenentes, com o fito de proporcionar a execução pelo CBMMG dos serviços de Atendimento Pré-hospitalar na cidade de Divinópolis e região";"2021-03-02";"2022-03-01";"ENCERRADO";"https://drive.google.com/file/d/1gs3wRsHduLOe2nVR09w1-BztwTVpo1OR/view?usp=sharing"
"2019";"12";"1400.01.0066285/2019-45";"CORPO DE BOMBEIROS MILITAR DO ESTADO DE MINAS GERAIS";"ARCOS";"Trata-se de minuta do 5º Termo Aditivo ao Convênio nº 12/2019 celebrado entre o CBMMG e a Prefeitura Municipal de Arcos, cujo objeto consiste em inserir novos valores estimativos e substituir o plano de trabalho.";"2025-07-30";"2025-07-29";"ENCERRADO";"https://drive.google.com/file/d/1p3ZHR5oaE-Bj5upY4PDOlp_boqTFee3d/view?usp=sharing"
"2016";"1";"1400.01.0061097/2019-53
1400.01.0020862/2018-98
1400.01.0016560/2018-46";"CORPO DE BOMBEIROS MILITAR DO ESTADO DE MINAS GERAIS";"OLIVEIRA";"Trata-se da minuta do 7º Termo Aditivo ao Convênio nº 01/2016, celebrado entre o CBMMG/10º BBM e o Município de Oliveira, visando prorrogar o prazo do convênio por mais 12 (doze) meses e substituir o Plano de Trabalho para o período de vigência deste Termo Aditivo.";"2020-10-03";"2021-10-02";"ENCERRADO";"https://drive.google.com/file/d/1M0CIh56kzqOEY1-91yt45IboQLHJyv1D/view?usp=sharing"
"2022";"35";"1400.01.0060873/2021-81
1400.01.0059739/2019-53";"CORPO DE BOMBEIROS MILITAR DO ESTADO DE MINAS GERAIS";"ITAUNA";"O presente convênio tem por objeto o estabelecimento de condições de cooperação mútua entre os convenentes, visando à execução pelo CBMMG, dos Serviços de Prevenção e de Combate a Incêndios, Buscas e Salvamentos, Resgate e Defesa Civil no município de Itaúna/MG e região.";"2021-01-01";"2021-12-31";"ENCERRADO";"https://drive.google.com/file/d/1McILHwKqHmbF0K-M-xHYKJ-l8azTMule/view?usp=sharing"
"2021";"4";"1400.01.0059720/2019-81
1400.01.0003848/2021-75";"CORPO DE BOMBEIROS MILITAR DO ESTADO DE MINAS GERAIS";"NOVA SERRANA";"O presente convênio tem por objeto o estabelecimento de condições de cooperação mútua entre os convenentes, visando à execução pelo CBMMG, dos Serviços de Prevenção e de Combate a Incêndios, Buscas e Salvamentos, Resgate e Defesa Civil no município de Nova Serrana/MG e região.";"2021-01-01";"2021-12-31";"ENCERRADO";"https://drive.google.com/file/d/1HL7JzcVjtrt7sqyQBpFJ4JHktntZ4LLU/view?usp=sharing"
"2017";"2";"1400.01.0059707/2019-44
1400.01.0028099/2018-57";"CORPO DE BOMBEIROS MILITAR DO ESTADO DE MINAS GERAIS";"FORMIGA";"O presente convênio tem por objeto o estabelecimento de condições de cooperação mútua entre os convenentes, visando à execução pelo CBMMG, dos Serviços de Prevenção e de Combate a Incêndios, Buscas e Salvamentos, Resgate e Defesa Civil no município de Formiga/MG e região.";"2021-01-01";"2021-12-31";"ENCERRADO";"https://drive.google.com/file/d/1lAz9raa4S4CrJzoZkJhfsLdgkHiHqQsm/view?usp=sharing"
"2016";"1";"1400.01.0059624/2019-54";"CORPO DE BOMBEIROS MILITAR DO ESTADO DE MINAS GERAIS";"DIVINÓPOLIS";"Estabelecimento de diretrizes para integração entre SAMU e CBMMG referente as ações e coordenação dos atendimentos a ocorrências de ungência e emergência pré-hospitalar, ocorridos nos municípios integrantes da Região Ampliada Oeste para Gerenciamento dos Serviços de Urgência e Emergência (Cis-Urg Oeste)";"2020-12-29";"2021-12-28";"ENCERRADO";"https://drive.google.com/file/d/1mX6qWvIR5GVkaxBHFL6Www0cyAG93BjU/view?usp=sharing"
"2019";"1";"1400.01.0048956/2019-97
1400.01.0020822/2019-11";"CORPO DE BOMBEIROS MILITAR DO ESTADO DE MINAS GERAIS";"SÃO FRANCISCO DE PAULA";"Convênio sem repasse de recursos financeiros entre o CBMMG e a empresa RD Empreendimentos Esportivos para execução do projeto social Bombeiro Golfinho.";"2019-12-31";"2022-02-13";"ENCERRADO";"https://drive.google.com/file/d/1ChW9T6HRC14ESnrRe7gzB5gCKW7o--rR/view?usp=sharing"
"2017";"1";"1400.01.0047240/2019-63
1400.01.0004688/2019-02";"CORPO DE BOMBEIROS MILITAR DO ESTADO DE MINAS GERAIS";"SANTO ANTONIO DO MONTE";"Convênio entre CBMMG/10º BBM e a Prefeitura municipal de Santo Antonio do Monte prevendo o repasse de materiais, serviços e equipamentos ao CBMMG para a execução de serviços de prevenção, combate a incêndio, sinistro e socorro à população de Santo Antonio do monte e região";"2018-12-04";"2019-12-03";"ENCERRADO";"https://drive.google.com/file/d/1P1p7CkyB5PD_pkwxoEElapdbTdndsGs0/view?usp=sharing"
"2019";"9";"1400.01.0041232/2019-95
1400.01.0033705/2019-12";"CORPO DE BOMBEIROS MILITAR DO ESTADO DE MINAS GERAIS";"ARCOS";"Cooperação entre as partes, visando o direito de uso gratuito, pelo período de vigência deste termo, com a finalidade de instalação do Posto Avançado do Corpo de Bombeiros Militar no Município de Arcos";"2020-01-15";"2025-01-15";"ENCERRADO";"https://drive.google.com/file/d/1TBjMq3DmJWgcpx5jiFUSPSGiJUChv3Kx/view?usp=sharing"
"2017";"3";"1400.01.0025741/2019-88";"CORPO DE BOMBEIROS MILITAR DO ESTADO DE MINAS GERAIS";"NOVA SERRANA";"O presente convênio tem por objeto o estabelecimento de condições de cooperação mútua entre os convenentes, visando à execução pelo CBMMG, dos Serviços de Prevenção e de Combate a Incêndios, Buscas e Salvamentos, Resgate e Defesa Civil no município de Nova Serrana/MG e região.";"2019-01-01";"2019-12-31";"ENCERRADO";"https://drive.google.com/file/d/1kLCTufM4wqIS6jwKrIkl0nCyQk0YFw4F/view?usp=sharing"
"2019";"126";"1400.01.0011479/2019-72";"CORPO DE BOMBEIROS MILITAR DO ESTADO DE MINAS GERAIS";"ITATIAIUÇU";"convênio entre o CBMMG/10º BBM e o Município de Itatiaiuçu/MG para a execução do serviço de prevenção e combate a incêndio, busca e salvamento e ações de defesa civil no município e região";"2021-01-01";"2021-12-31";"ENCERRADO";"https://drive.google.com/file/d/1lFofHZzn_XvdBg-iepFEzG77YZzHopJk/view?usp=sharing"
"2018";"1";"1400.01.0004607/2018-58";"CORPO DE BOMBEIROS MILITAR DO ESTADO DE MINAS GERAIS";"BOM DESPACHO";"Cooperação mútua entre o Município de Bom Despacho e o Corpo de Bombeiros Militar de Minas Gerais, visando à construção e à instalação do Posto Avançado Bombeiros no Município de Bom Despacho, objetivando a prestação de atividades de prevenção e combate a incêndio, sinistro e socorro para a população da cidade de Bom Despacho e região.";"2019-07-05";"2020-07-04";"ENCERRADO";"https://drive.google.com/file/d/1-3ZQUHEokCk8FGmKVcIHHSctWz1X2c3c/view?usp=sharing"
"2018";"90";"1400.01.0004291/2018-54";"CORPO DE BOMBEIROS MILITAR DO ESTADO DE MINAS GERAIS";"ITATIAIUÇU";"Estabelecimento de condições de cooperação mútua e administrativa entre o Município e o Corpo de Bombeiros Militar de Minas Gerais, através do 10ºBBM de Divinópolis, visando à execução pelo CBMMG, dos serviços de prevenção e de combate a incêndios, busca e salvamento, resgate e defesa civil na cidade de Itatiaiuçu.";"2018-02-19";"2018-12-31";"ENCERRADO";"https://drive.google.com/file/d/1h-PmGEVbrvnE-oo7xmS3KOE6NcoSQMwD/view?usp=sharing"
"2018";"1400.01.0003187/2018-83";"1400.01.0003187/2018-83";"CORPO DE BOMBEIROS MILITAR DO ESTADO DE MINAS GERAIS";"ARCOS";"O Protocolo tem por ojeto estabelecer as intenções do CBMMG e do Município para criação do Posto Avançado de Bombeiros Militar - PABM - na cidade de Arcos.";"2018-04-10";"2020-04-09";"ENCERRADO";"https://drive.google.com/file/d/1qrripzP1NiMiksPMbMbB-_RdAVwb4vfr/view?usp=sharing"
"2015";"1";"1400.01.0003327/2019-83
1400.01.0001421/2018-41";"CORPO DE BOMBEIROS MILITAR DO ESTADO DE MINAS GERAIS";"DIVINÓPOLIS";"COOPERAÇÃO MÚTUA QUE 
CELEBRAM ENTRE SI, DE UM LADO O ESTADO DE MINAS 
GERAIS, POR INTERMÉDIO DO CORPO DE BOMBEIROS 
MILITAR DE MINAS GERAIS/10º BBM, E DE OUTRO, O 
MUNICÍPIO DE DIVINÓPOLIS, ATRAVÉS DA SECRETARIA 
MUNICIPAL DE SAÚDE.";"2019-03-02";"2020-03-01";"ENCERRADO";"https://drive.google.com/file/d/13qA9q9GjZLzJxE1-b_CiiEsKbMMpLWfB/view?usp=sharing"
"2015";"9";"1400.01.0009561/2018-63";"CORPO DE BOMBEIROS MILITAR DO ESTADO DE MINAS GERAIS";"PARA DE MINAS";"Estabelecimento de condições de cooperação mútua entre os convenentes, visando à execução, pelo CBMMG, dos serviços de prevenção e combate a incêndios, busca e salvamento, resgate e defesa civil no Município de Pará de Minas e região.";"2019-09-01";"2020-08-31";"ENCERRADO";"https://drive.google.com/file/d/18qNJeALTlFiNeSYhzJeN4ZdJvdh2Hg4C/view?usp=sharing"
"2024";"1.10.4.2.1";"1400.01.0031715/2024-86";"CORPO DE BOMBEIROS MILITAR DO ESTADO DE MINAS GERAIS";"CAMPO BELO";"O presente protocolo tem por objeto estabelecer as intenções do CBMMG e do município de Campo Belo/MG, de firmarem instrumento público específico com vista à execução dos serviços de prevenção e de combate a incêndio, busca e salvamento, resgate e defesa civil no referido, realizando-se, pelo município, condições imprescindíveis para que o CBMMG preste serviços de qualidade na região";"2025-10-25";"2026-10-24";"VIGENTE";"https://drive.google.com/file/d/1iFlEz6BNxdyItA3kPdf88nmWJ4i4BeC5/view?usp=sharing"
"2024";"1.10.4.2.2";"1400.01.0043906/2024-50";"CORPO DE BOMBEIROS MILITAR DO ESTADO DE MINAS GERAIS";"CAMPO BELO";"Estabelecimento de condições de cooperação mútua entre os convenentes, visando à execução pelo CBMMG, dos serviços de prevenção e de combate a incêndio, busca e salvamento, resgate e defesa civil no município e região.";"2025-08-24";"2026-08-24";"VIGENTE";"https://drive.google.com/file/d/110wFbv3I8Nnc62y1an9Vn-DEb8vfNNXw/view?usp=sharing"
"2020";"3";"1400.01.0051419/2020-38";"CORPO DE BOMBEIROS MILITAR DO ESTADO DE MINAS GERAIS";"DIVINÓPOLIS";"O presente convênio tem por objeto o estabelecimento de condições de 
cooperação mútua entre os convenentes, visando o desenvolvimento pelo CBMMG 
do seguinte Projeto de Responsabilidade Social: 
- Bombeiro Golfinho.";"2022-01-05";"2023-01-04";"ENCERRADO";"https://drive.google.com/file/d/1fcDRn9DoivylvTBnHarQybDm2zpCNCLS/view?usp=sharing"
"2020";"6";"1400.01.0024049/2020-82";"CORPO DE BOMBEIROS MILITAR DO ESTADO DE MINAS GERAIS";"PARÁ DE MINAS";"Estabelecimento de condições de cooperação mútua entre os convenentes, 
visando a execução pelo CBMMG, dos Serviços de Prevenção e de Combate a 
Incêndios, Buscas e Salvamentos, Resgate e Defesa Civil no município de Pará de 
Minas/MG e região";"2021-12-01";"2022-08-31";"ENCERRADO";"https://drive.google.com/file/d/1iN508ecqPb6E_ECsEoGGd0r2vfzEQrmT/view?usp=sharing"
"2018";"1";"1400.01.0023693/2020-91";"CORPO DE BOMBEIROS MILITAR DO ESTADO DE MINAS GERAIS";"BOM DESPACHO";"O presente convênio tem por objeto o estabelecimento de condições de cooperação mútua entre os convenentes, visando à execução pelo CBMMG, dos Serviços de Prevenção e de Combate a Incêndios, Buscas e Salvamentos, Resgate e Defesa Civil no município de Bom Despacho/MG e região, bem como o desenvolvimento das ações por parte do Município de Bom Despacho para a edificação e instalação de futuro Posto Avançado do CBMMG.";"2022-06-05";"2023-07-04";"ENCERRADO";"https://drive.google.com/file/d/1_hRPU0tEcbOHVu_SqbFLJWcnwzDUw08i/view?usp=sharing"
"2023";"49";"1400.01.0013922/2023-59";"CORPO DE BOMBEIROS MILITAR DO ESTADO DE MINAS GERAIS";"BOM DESPACHO";"O presente convênio tem por objeto o estabelecimento de condições de cooperação mútua entre os convenentes, visando à execução pelo CBMMG, dos Serviços de Prevenção e de Combate a Incêndios, Buscas e Salvamentos, Resgate e Defesa Civil no município de Bom Despacho/MG, bem como o apoio material e prestação de serviços por parte do Convenente.";"2025-07-27";"2026-07-26";"VIGENTE";"2º TA Bom Despacho.pdf"
"2023";"52";"1400.01.0003054/2023-70";"CORPO DE BOMBEIROS MILITAR DO ESTADO DE MINAS GERAIS";"ITAÚNA";"presente convênio tem por objeto o estabelecimento de condições de cooperação mútua entre os convenentes, visando à execução pelo CBMMG, dos Serviços de Prevenção e de Combate a Incêndios, Buscas e Salvamentos, Resgate e Defesa Civil no município de Itaúna/MG e região.";"2024-07-22";"2025-12-31";"ENCERRADO";"SEI_110043437_Convenio_17.pdf"
"2025";"1.10.4.0.2";"1400.01.0003090/2025-62";"CORPO DE BOMBEIROS MILITAR DO ESTADO DE MINAS GERAIS";"ARCOS";"O presente acordo tem por objeto a cooperação entre os partícipes, visando o direito de uso gratuito, pelo período de vigência deste termo, com a finalidade de manutenção do Posto Avançado do Corpo de Bombeiros Militar no Município, no seguinte bem imóvel:";"2025-05-17";"2035-05-16";"VIGENTE";"https://drive.google.com/file/d/18TjiJDa5Mpzt0t-UIBGIzMg5KglpTmz1/view?usp=sharing"
"2025";"1.10.0.0.1";"1400.01.0039999/2025-97";"CORPO DE BOMBEIROS MILITAR DO ESTADO DE MINAS GERAIS";"DIVINÓPOLIS";"Estabelecimento de condições de cooperação mútua entre os Convenentes, visando a disponibilização, pelo Serviço de Atendimento Móvel de Urgência (SAMU), através do CIS-URG Oeste, de 01 (um) estagiário da área de Comunicação Social para prestação de serviços junto ao CBMMG/10º BBM, sendo que o estagiário não terá, em nenhuma hipótese, vínculo empregatício com a Corporação.";"2025-08-30";"2026-08-29";"VIGENTE";"https://drive.google.com/file/d/19s09r0lgdPodiTq7COj10s5pf0B4j3iD/view?usp=sharing"
"2025";"121610601";"1400.01.0031056/2025-28";"CORPO DE BOMBEIROS MILITAR DO ESTADO DE MINAS GERAIS";"DIVINÒPOLIS";"Estabelecimento de condições de cooperação mútua entre o 10ºBatalhão de Bombeiros Militar de Minas Gerais (CBMMG) e a Prefeitura Municipal de Divinópolis, 
visando à integração operacional dos serviços de atendimento aos combates aos incêndios florestais 
exclusivamente no município de Divinópolis.";"";"";"VIGENTE";""
"2026";"1.10.4.0.1";"1400.01.0060216/2025-57";"CORPO DE BOMBEIROS MILITAR DO ESTADO DE MINAS GERAIS";"ARCOS";"estabelecimento de condições de cooperação mútua entre os Convenentes, visando à execução pelo CBMMG, dos Serviços de Prevenção e de Combate a Incêndios, Buscas e Salvamentos, Resgate e Defesa Civil no município de Arcos/MG e região.";"2026-03-10";"2028-12-31";"VIGENTE";"https://drive.google.com/file/d/11UTHAAHaTq70kxMyTYELrAGKYsr9NsoU/view?usp=sharing"
"2026";"1.10.3.0.2";"1400.01.0079138/2025-62";"CORPO DE BOMBEIROS MILITAR DO ESTADO DE MINAS GERAIS";"NOVA SERRANA";"Estabelecimento de condições de cooperação mútua entre os convenentes, visando à execução pelo CBMMG, dos serviços de prevenção e de combate a incêndios, buscas e salvamentos, resgates e atividades de defesa civil no município de Nova Serrana e região, objetivando a efetiva manutenção da ordem e da defesa social.";"2026-03-31";"2027-03-31";"VIGENTE";"https://drive.google.com/file/d/17ljgbZfCumlnmocIKyeqhmeSrNGnsjSS/view?usp=sharing"
"2026";"1.10.3.2.1";"1400.01.0004363/2026-26";"CORPO DE BOMBEIROS MILITAR DO ESTADO DE MINAS GERAIS";"LUZ";"Estabelecimento de colaboração entre os partícipes, visando a execução de recursos destinados ao Corpo de Bombeiros Militar de Minas Gerais para aplicação na aquisição de materiais e equipamentos operacionais, manutenção de equipamentos e viaturas, bem como na compra de materiais de escritório e mobiliário destinados ao 2º Pel/3ª Cia/10º BBM, sediado em Bom Despacho, de forma a permitir ao Corpo de Bombeiros Militar de Minas Gerais, exercer suas atividades de defesa civil, prevenção, combate a incêndios, buscas, salvamento e socorro no município de Luz, contribuindo para a melhoria na qualidade dos serviços prestados pelo CBMMG, atendendo desta forma aos interesses comuns dos partícipes.";"";"";"TRATATIVA";""
"2026";"1.10.2.2.2";"1400.01.0000852/2026-54";"CORPO DE BOMBEIROS MILITAR DO ESTADO DE MINAS GERAIS";"ITAÚNA";"Estabelecimento de condições de cooperação mútua entre os convenentes, visando à execução pelo CBMMG, dos serviços de prevenção e de combate a incêndio, busca e salvamento, resgate e defesa civil no município e região.";"2026-03-31";"2026-12-31";"VIGENTE";"https://drive.google.com/file/d/1TRFQ_0P-0lMT3D4-mLu5_jRqUIP04Liq/view?usp=sharing"
"2026";"1.10.4.0.2";"1400.01.0079950/2025-60";"CORPO DE BOMBEIROS MILITAR DO ESTADO DE MINAS GERAIS";"ARCOS";"cessão de uso da posse de uma área de 16m² (dezesseis metros quadrados) do terreno localizado no Endereço: Estrada Municipal Antônio São Rodrigues, nesta cidade de Arcos/MG; com as seguintes coordenadas geográficas: 20°17'38.5''S, 45°29'20.9""W; para instalação de sítio de telecomunicações do CBMMG, abrangendo torre, cercamento, padrão de energia, abrigo e outras estruturas que se fizerem necessárias para instalação dos equipamentos de telecomunicações.";"2026-04-10";"2036-04-10";"VIGENTE";"https://www.sei.mg.gov.br/sei/controlador.php?acao=procedimento_trabalhar&id_procedimento=917538743&id_documento=927408059"
"2024";"5.11.0.0.4";"1400.01.0039138/2024-67";"CORPO DE BOMBEIROS MILITAR DO ESTADO DE MINAS GERAIS";"SANTANA DO PARAÍSO";"Estabelecimento de condições de cooperação mútua entre os convenentes, visando à execução pelo CBMMG, dos serviços de prevenção e de combate a incêndio, busca e salvamento, resgate e defesa civil no município e região.";"2024-11-02";"2029-11-01";"VIGENTE";"https://drive.google.com/file/d/1RgB6pi3RcMmi3fQWqVgv0FXG5huLSdZE/view?usp=sharing"
"2024";"5.11.0.0.1";"1400.01.0039805/2024-03";"CORPO DE BOMBEIROS MILITAR DO ESTADO DE MINAS GERAIS";"JOÃO MONLEVADE";"O estabelecimento de condições de cooperação mútua entre os convenentes, visando à instalação, inauguração, bem como a execução, pelo CBMMG, dos serviços de prevenção e de combate a incêndio, busca e salvamento, resgate e defesa civil no município e região";"2024-04-26";"2029-04-25";"VIGENTE";"https://drive.google.com/file/d/1Nf_I_fqmyTVKW3cDIDhGtY6jmqusThYa/view?usp=sharing"
"2024";"511161";"1400.01.0019696/2024-37";"CORPO DE BOMBEIROS MILITAR DO ESTADO DE MINAS GERAIS";"ITABIRA";"Convênio a conjugação de esforços, com atuação harmônica e sem intuito lucrativo, para a execução, pelo CBMMG, dos serviços de prevenção e de combate a incêndio, busca e salvamento, resgate, defesa civil e desenvolvimento de projetos sociais no município e região, conforme Plano de Trabalho, devidamente aprovado pelos partícipes e parte integrante deste instrumento, para todos os fins de direito, na condição de seu anexo.";"2025-05-10";"2026-05-09";"ENCERRADO";"https://drive.google.com/file/d/12J-PI6mt7vUZIY4WIBUdX3_89UG75MaM/view?usp=sharing"
"2023";"1";"1400.01.0011733/2023-89";"CORPO DE BOMBEIROS MILITAR DO ESTADO DE MINAS GERAIS";"CARATINGA";"O estabelecimento de condições de cooperação mútua entre os convenentes, visando à execução pelo CBMMG, dos serviços de prevenção e de combate a incêndio, busca e salvamento, resgate e defesa civil no município e região.";"2023-06-29";"2028-06-28";"VIGENTE";"https://drive.google.com/file/d/1sbVSPO1LAB8XcIduOzop_dOlTKBnts6f/view?usp=sharing"
"2022";"3";"1400.01.0069496/2022-57
1400.01.0008585/2022-19";"CORPO DE BOMBEIROS MILITAR DO ESTADO DE MINAS GERAIS";"IPATINGA";"A conjugação de esforços, com atuação harmônica e sem intuito lucrativo para a execução, pelo CBMMG, dos serviços de prevenção e de combate a incêndio, busca e salvamento, resgate e defesa civil no município e região, conforme Plano de Trabalho, devidamente aprovado pelos participes e parte integrante deste instrumento, para todos os fins de direito, na condição do seu anexo.";"2026-03-16";"2027-03-15";"VIGENTE";"https://drive.google.com/file/d/1nQveGcSM3f0WFbZdxSja0xB3fLJWr7Ir/view?usp=sharing"
"2022";"7";"1400.01.0045998/2022-26";"CORPO DE BOMBEIROS MILITAR DO ESTADO DE MINAS GERAIS";"MANHUAÇU";"O estabelecimento de condições de cooperação mútua entre os celebrantes, onde o CONVENIADO deverá suprir o CBMMG de materiais, equipamentos, serviços e outros atinentes à sua área de atuação visando à execução pelo CONVENENTE, dos Serviços de Prevenção e de Combate a Incêndios, Buscas e Salvamentos, Resgate, Prevenção de Acidentes e Defesa Civil no município de MANHUAÇU/ MG, conforme plano de trabalho anexo a este instrumento.";"2022-09-28";"2023-09-28";"ENCERRADO";"https://drive.google.com/file/d/19VrQ1WXbWC4o1sYcym7C3jTePPr6AEnk/view?usp=sharing"
"2022";"1";"1400.01.0045998/2022-26";"CORPO DE BOMBEIROS MILITAR DO ESTADO DE MINAS GERAIS";"MANHUAÇU";"Estabelecimento de condições de cooperação mútua entre os convenentes, visando a execução pelo CBMMG dos serviços de prevenção e combate a incêndios, busca e salvamento, resgate e defesa civil no município e região";"2023-09-28";"2024-09-27";"ENCERRADO";"https://drive.google.com/file/d/19VrQ1WXbWC4o1sYcym7C3jTePPr6AEnk/view?usp=sharing"
"2022";"2";"1400.01.0043279/2022-10";"CORPO DE BOMBEIROS MILITAR DO ESTADO DE MINAS GERAIS";"PONTE NOVA";"Estabelecimento de condições de cooperação mútua entre os convenentes, visando a execução pelo CBMMG dos serviços de prevenção e combate a incêndios, busca e salvamento, resgate e defesa civil no municípios consorciados ao CIMVALPI indicados no Plano de Trabalho anexo ao presente convênio.";"2022-08-06";"2023-01-05";"ENCERRADO";"https://drive.google.com/file/d/1sMfQJZYcSuPcU9e5EyjKsfxz_Syio-V9/view?usp=sharing"
"2024";"7";"1400.01.0034120/2022-50";"CORPO DE BOMBEIROS MILITAR DO ESTADO DE MINAS GERAIS";"JOÃO MOLEVADE";"O estabelecimento de condições de cooperação mútua entre os convenentes, visando à instalação, inauguração, bem como a execução, pelo CBMMG, dos serviços de prevenção e de combate a incêndio, busca e salvamento, resgate e defesa civil no município e região.";"2024-07-05";"2029-04-25";"VIGENTE";"https://drive.google.com/file/d/1m_LYXGPL1rLfEFpUV2aYqIdeqzkzqNLP/view?usp=drive_link"
"2018";"6228";"1400.01.0007315/2022-68
1400.01.0018006/2018-95";"CORPO DE BOMBEIROS MILITAR DO ESTADO DE MINAS GERAIS";"CARATINGA";"Estabelecimento de condições de cooperação mútua entre os convenentes, visando a execução pelo CBMMG, dos Serviços de Prevenção e de Combate a Incêndios, Busca e Salvamentos, Resgate e Defesa Civil no município de Caratinga - MG e região.";"2022-03-19";"2023-03-18";"ENCERRADO";"https://drive.google.com/file/d/1rivoxiYy-KnoqmBoBgZWFaLHueNugrSA/view?usp=sharing"
"2021";"34";"1400.01.0055463/2021-69";"CORPO DE BOMBEIROS MILITAR DO ESTADO DE MINAS GERAIS";"CORONEL FABRICIANO";"Estabelecimento de condições de cooperação mútua entre os convenentes, com o fito de proporcionar a execução pelo CBMMG/11º BBM, dos Serviços de Prevenção e de combate a incêndio, busca e salvamento, resgate e defesa civil no Município de Coronel Fabiciano e região.";"2023-12-02";"2026-06-01";"ENCERRADO";"https://drive.google.com/file/d/1VDypM10Mv1fPjc0JW6hE6qY22OppJA72/view?usp=sharing"
"2025";"5.11.0.0.1";"1400.01.0053560/2024-31";"CORPO DE BOMBEIROS MILITAR DO ESTADO DE MINAS GERAIS";"IPANEMA";"O estabelecimento de condições de cooperação mútua entre os convenentes, visando à criação, manutenção e o credenciamento da Brigada Municipal de Ipanema, para execução dos serviços de prevenção e combate a incêndio e atendimento a emergências, conforme prescreve o § 2º do artigo 3º da Lei Federal nº 13.425/2017 c/c o caput do artigo 8º da Portaria do CBMMG nº 49/2020.";"2025-04-30";"2035-04-29";"VIGENTE";"https://drive.google.com/file/d/1PEUtkGRTQhGAftLWuq8bNGM9xvzKdiOu/view?usp=sharing"
"2022";"4";"1400.01.0040521/2021-80";"CORPO DE BOMBEIROS MILITAR DO ESTADO DE MINAS GERAIS";"IPANEMA";"O estabelecimento de condições de cooperação mútua entre os convenentes, visando à criação, manutenção e o credenciamento da Brigada Municipal de Ipanema, para execução dos serviços de prevenção e combate a incêndio e atendimento a emergências, conforme prescreve o § 2º do artigo 3º da Lei Federal nº 13.425/2017 c/c o caput do artigo 8º da Portaria do CBMMG nº 49/2020.";"2022-03-26";"2023-03-25";"ENCERRADO";"https://drive.google.com/file/d/1WTEdfzjeL-dOLIPgNx4SbAcesqkwul6q/view?usp=sharing"
"2024";"511001";"1400.01.0034540/2021-62";"CORPO DE BOMBEIROS MILITAR DO ESTADO DE MINAS GERAIS";"SANTA BÁRBARA";"O estabelecimento de condições de cooperação mútua entre os convenentes, visando à criação, manutenção e o credenciamento da Brigada Municipal de Santa Bárbara, para execução dos serviços de prevenção e combate a incêndio e atendimento a emergências, conforme prescreve o § 2º do artigo 3º da Lei Federal nº 13.425/2017 c/c o caput do artigo 8º da Portaria do CBMMG nº 49/2020.";"";"";"ENCERRADO";"https://drive.google.com/file/d/18UjnbaPZULKeCxiMSgOeCtuq_E10rZH0/view?usp=sharing"
"2021";"1";"1400.01.0012047/2021-56";"CORPO DE BOMBEIROS MILITAR DO ESTADO DE MINAS GERAIS";"MANHUAÇU";"O estabelecimento de condições de cooperação mútua entre os celebrantes, visando à execução pelo CONVENENTE, dos Serviços de Prevenção e de Combate a Incêndios, Buscas e Salvamentos, Resgate, Prevenção de Acidentes e Defesa Civil no município de MANHUAÇU/ MG, conforme plano de trabalho anexo a este instrumento.";"2021-07-01";"2022-06-30";"ENCERRADO";"https://drive.google.com/file/d/1xwrLvjKylMwaY71d9Ibv87e3HaWZvw2O/view?usp=sharing"
"2018";"1";"1400.01.0058950/2020-13";"CORPO DE BOMBEIROS MILITAR DO ESTADO DE MINAS GERAIS";"PONTE NOVA";"Estabelecimento de condições de cooperação mútua entre os convenentes, visando à execução, pelo CBMMG/ 1ºBBM/ 3ªCIA/ 2ºPEL - Ponte Nova,de serviços de prevenção e combate a incêndio, de busca e salvamento, resgate e prevenção de acidentes nos Municípios Consorciados ao CIMVALPI indicados no plano de trabalho anexo ao presente convênio, e visando à aquisição e custeamento pelo CIMVALPI de materiais, peças para viaturas, serviços, materiais de limpeza, Diesel S10, serviços gerais, serviços mecânicos, manutenção de viaturas do 2º pelotão pertencente à 3ª Companhia do 1º BBM em Ponte Nova/MG, para se atingir os fins primeiros sem reapasse financeiro.";"2021-01-01";"2021-12-31";"ENCERRADO";"https://drive.google.com/file/d/1QmWNz2Cdh_HjEvt3UMBhGoC5bwJUDImS/view?usp=sharing"
"2020";"5";"1400.01.0032670/2020-18";"CORPO DE BOMBEIROS MILITAR DO ESTADO DE MINAS GERAIS";"SÃO GONÇALO DO RIO ABAIXO";"O estabelecimento de condições de cooperação mútua entre os convenentes, visando a execução pelo CBMMG, dos serviços de prevenção e de combate a incêndios, buscas e salvamentos, resgate e defesa civil, no município de São Gonçalo do Rio Abaixo – MG e região, bem como o desenvolvimento das ações por parte da Prefeitura Municipal, provendo a Corporação BM de viaturas, equipamentos, materiais e condições para melhoria na prestação de serviços pelo CBMMG.";"2023-07-15";"2025-11-30";"ENCERRADO";"https://drive.google.com/file/d/1Vj02GjW5pRTQ5Fh4Ui_Ug3-37hVW_FLo/view?usp=sharing"
"2020";"1400.01.0066398/2019-98";"1400.01.0066398/2019-98";"CORPO DE BOMBEIROS MILITAR DO ESTADO DE MINAS GERAIS";"NOVA ERA";"Estabelecer as intenções do CBMMG e do Município de Nova Era/MG, em firmar um Instrumento Público Específico, com vistas à execução pelo CBMMG, dos Serviços de Prevenção e de Combate a Incêndio, Busca e Salvamento, Resgate e Defesa Civil no Município de Nova Era/MG, impondo assim condições para que o CBMMG preste serviços de qualidade na região, mediante a Cessão de Sede da Fração BM no município de Nova Era/MG a cargo da Prefeitura Municipal, que deverá ocorrer no prazo de 24 ( vinte e quatro) meses após a assinatura deste instrumento.";"";"";"ENCERRADO";""
"2019";"1";"1400.01.0045124/2019-62";"CORPO DE BOMBEIROS MILITAR DO ESTADO DE MINAS GERAIS";"SANTANA DO PARAÍSO";"Estabelecimento de condições de cooperação mútua entre os convenentes, visando a execução pelo CBMMG dos serviços de prevenção e combate a incêndios, busca e salvamento, resgate e defesa civil no município.";"2022-10-08";"2023-10-07";"ENCERRADO";"https://drive.google.com/file/d/1Rj72LcMMoBgL4agXHtiJ_-9P4O18Ryoi/view?usp=sharing"
"2019";"1";"1400.01.0035710/2019-03";"CORPO DE BOMBEIROS MILITAR DO ESTADO DE MINAS GERAIS";"SÃO JOSÉ DO MANTIMENTO";"Estabelecimento de condições de cooperação mútua entre os convenentes, visando à execução pelo CBMMG, dos Serviços de Prevenção e de Combate a Incêndios, Busca e Salvamento, Resgate, Prevenção de Acidentes e Defesa Civil no município de São José do Mantimento/ MG e Região, conforme plano de trabalho anexo a este instrumento.";"2019-11-30";"2020-11-29";"ENCERRADO";"https://drive.google.com/file/d/1Kq4D17vDP_NUjxpTzomu3L4_9ou9ZwW1/view?usp=sharing"
"2020";"6234";"1400.01.0030396/2019-18";"CORPO DE BOMBEIROS MILITAR DO ESTADO DE MINAS GERAIS";"IPATINGA";"O estabelecimento de condições de cooperação mútua entre os convenentes, visando a execução pelo CBMMG, dos Serviços de Prevenção e de Combate a Incêndios, Buscas e Salvamentos, Resgate e Defesa Civil no município de Ipatinga – MG.";"";"";"ENCERRADO";"https://drive.google.com/file/d/18nenfLWTvxeK60WEPRbGcNCfgXZ0dKhy/view?usp=sharing"
"2019";"8";"1400.01.0026684/2019-41";"CORPO DE BOMBEIROS MILITAR DO ESTADO DE MINAS GERAIS";"CORONEL FABRICIANO";"Estabelecimento de condições de cooperação mútua entre os convenentes, com o fito de proporcionar a exucução pelo CBMMG/11º BBM, dos Serviços de Prevenção e de Combate a Incêndio, Busca e Salvamento, Resgate e Defesa Civil no Município de Coronel Fabriciano e região.";"2020-09-30";"2021-09-29";"ENCERRADO";"https://drive.google.com/file/d/1SIye8ihc2i2N2TF0GoCpB57Rfk3b4SEp/view?usp=drive_link"
"2020";"1400.01.0018945/2019-56";"1400.01.0018945/2019-56";"CORPO DE BOMBEIROS MILITAR DO ESTADO DE MINAS GERAIS";"SÃO GONÇALO DO RIO ABAIXO";"o estabelecer as intenções do CBMMG e do Município de São Gonçalo do Rio Abaixo/MG, em firmar um Instrumento Público Específico, com vistas à execução pelo CBMMG, dos Serviços de Prevenção e de Combate a Incêndio, Busca e Salvamento, Resgate e Defesa Civil no Município de São Gonçalo do Rio Abaixo /MG, impondo assim condições para que o CBMMG preste serviços de qualidade na região, mediante a construção da sede da Fração BM no município de São Gonçalo do Rio Abaixo a cargo da Prefeitura Municipal, que deverá ocorrer no prazo de 24 (vinte e quatro) meses após a assinatura deste instrumento.";"";"";"ENCERRADO";"https://drive.google.com/file/d/1CLZtg2FnNxd6idKBlnam7x1HcH2Xkuig/view?usp=sharing"
"2020";"1";"1400.01.0018945/2019-56";"CORPO DE BOMBEIROS MILITAR DO ESTADO DE MINAS GERAIS";"SÃO GONÇALO DO RIO ABAIXO";"Estabeleceimento de condições de cooperação mútua entre os convenentes, visando a execução pelo CBMMG, dos Serviços de prevenção e de Combate a Incêndios, Buscas e Salvamentos, Resgate e Defesa Civil no município de São Gonçalo do Rio Abaixo - MG e região.";"";"";"ENCERRADO";"https://drive.google.com/file/d/1_ul4t9vaTvOvv_mfjwGW4Nod3ux6YDt5/view?usp=sharing"
"2019";"10";"1400.01.0031525/2018-93";"CORPO DE BOMBEIROS MILITAR DO ESTADO DE MINAS GERAIS";"ITABIRA";"Estabelecimento de condições de cooperação mútua entre os convenentes, visando a execução pelo CBMMG, dos serviços de prevenção e de combate a incêndios, busca e salvamentos, resgate e defesa civil no Município de Itabira e região.";"2019-04-05";"2024-04-04";"ENCERRADO";"https://drive.google.com/file/d/1Qpk2vAosyz8UVCxrjnWGGR6SKXwjlcZs/view?usp=sharing"
"2018";"1";"1400.01.0027711/2018-57";"CORPO DE BOMBEIROS MILITAR DO ESTADO DE MINAS GERAIS";"CARATINGA";"Estabelecimento de condições de cooperação mútua entre os convenentes, visando à execução pelo CBMMG dos serviços de prevenção e combate à incêndios, buscas e salvamentos, resgate e defesa civil no município de Caratinga e região";"2021-03-19";"2022-03-18";"ENCERRADO";"https://drive.google.com/file/d/1OZ-XR1RFLsPfdyOhEoibWf6EjwsIV3UO/view?usp=sharing"
"2020";"11";"1400.01.0026832/2018-25";"CORPO DE BOMBEIROS MILITAR DO ESTADO DE MINAS GERAIS";"TIMÓTEO";"Estabelecimento de condições de cooperação mútuta entre os convenentes, com o fito de proporcionar a execução pelo CBMMG, dos Serviços de Prevenção e de Combate a Incêndios, Busca e Salvamento, Resgate e Defesa Civil no Município de Timóteo e região.";"2024-11-20";"2025-11-19";"ENCERRADO";"https://drive.google.com/file/d/1ZIEqS679GMSMzfp4FN7rOTuRWH-v7yuL/view?usp=sharing"
"2015";"28";"1400.01.0026832/2018-25";"CORPO DE BOMBEIROS MILITAR DO ESTADO DE MINAS GERAIS";"TIMÓTEO";"Estabelecimento de condições de cooperação mútuta entre os convenentes, com o fito de proporcionar a execução pelo CBMMG, dos Serviços de Prevenção e de Combate a Incêndios, Busca e Salvamento, Resgate e Defesa Civil no Município de Timóteo e região.";"2019-11-19";"2020-11-18";"ENCERRADO";"https://drive.google.com/file/d/1MbIa-43b4HBsdpzHpOX08N0GfWDMNDXt/view?usp=sharing"
"2017";"18";"1400.01.0007091/2018-17";"CORPO DE BOMBEIROS MILITAR DO ESTADO DE MINAS GERAIS";"CORONEL FABRICIANO";"Estabelecimento de condições de cooperação mútua entre os convenentes, com o fito de proporcionar a execução pelo CBMMG/6º BBM, dos Serviços de Prevenção e de Combate a Incêndio, Busca e Salvamento, Resgate e Defesa Civil no Município de Coronel Fabriciano e região.";"2018-06-10";"2019-06-09";"ENCERRADO";"https://drive.google.com/file/d/1nUA6f4HhnygyCuf-87rZxNLJczwZDzAY/view?usp=sharing"
"2017";"2";"1400.01.0006364/2018-52";"CORPO DE BOMBEIROS MILITAR DO ESTADO DE MINAS GERAIS";"SÃO JOSÉ DO MANTIMENTO";"Estabelecimento de cooperação mútua entre os convenentes, visando a execução pelo CBMMG dos serviços de prevenção e combate a incêndios, busca e salvamentos, resgate e defesa civil no município e região.";"2018-05-30";"2019-05-29";"ENCERRADO";"https://drive.google.com/file/d/1fMKz8vDcxSoOMuxtmCnNYYTDF9sIvHoC/view?usp=sharing"
"2025";"538";"1400.01.0054421/2025-61";"CORPO DE BOMBEIROS MILITAR DO ESTADO DE MINAS GERAIS";"IPATINGA";"A transferência de recursos financeiros, referente as Emendas Impositivas Parlamentares n° 81, 85, 97, 140, 
171, 205, 214, 323, 351 e 369, tem por objeto a formalização de Convênio, em regime de mútua cooperação entre 
os convenentes, que dispõe sobre a aquisição de viaturas e equipamentos para estruturar o atendimento as vítimas 
com risco de saúde pelo 11º (Décimo Primeiro) Batalhão de Bombeiros Militar de Ipatinga/MG.";"2026-02-26";"2026-06-30";"VIGENTE";"Documento_escaneado_4.pdf"
"2025";"511001";"1400.01.0045547/2025-69";"CORPO DE BOMBEIROS MILITAR DO ESTADO DE MINAS GERAIS";"SANTANA DO PARAÍSO";"A conjugação de esforços, com atuação harmônica e sem intuito lucrativo, para a execução, pelo CBMMG, dos serviços de prevenção e de combate a incêndio, busca e salvamento, resgate, defesa civil e desenvolvimento de projetos sociais no município e região, bem como o desenvolvimento das ações por parte do município de Santana do Paraíso, conforme Plano de Trabalho, devidamente aprovado pelos partícipes e parte integrante deste instrumento, para todos os fins de direito, na condição de seu anexo.";"2025-10-03";"2030-10-02";"VIGENTE";"https://drive.google.com/file/d/1e9m_-1dDIVRU2QuOd0yFVInZBYIqw9te/view?usp=sharing"
"2025";"5.11.1.7.1";"1400.01.0082223/2025-90";"CORPO DE BOMBEIROS MILITAR DO ESTADO DE MINAS GERAIS";"TIMÓTEO";"Estabelecimento de condições de cooperação mútua entre os convenentes, visando à execução pelo CBMMG, dos serviços de prevenção e de combate a incêndio, busca e salvamento, resgate e defesa civil no município e região.";"2026-01-22";"2027-01-21";"VIGENTE";"https://drive.google.com/file/d/1a9_jSfFt9UdnB74q8Y1lI8Cj7fO4aPhN/view?usp=sharing"
"2025";"5.11.2.0.1";"1400.01.0045932/2025-53";"CORPO DE BOMBEIROS MILITAR DO ESTADO DE MINAS GERAIS";"SÃO GONÇALO DO RIO ABAIXO";"Estabelecimento de condições de cooperação mútua entre os convenentes, visando à execução pelo CBMMG, dos serviços de prevenção e de combate a incêndio, busca e salvamento, resgate e defesa civil no município e região, conforme aprovado através da Lei Municipal 2389/2025.";"";"";"TRATATIVA";""
"2026";"1400.01.0006676/2026-43";"1400.01.0006676/2026-43";"CORPO DE BOMBEIROS MILITAR DO ESTADO DE MINAS GERAIS";"IPATINGA";"""A transferência de recursos financeiros, referente as Emendas Impositivas Parlamentares, tem por objeto a formalização de Convênio, em regime de mútua cooperação entre 
os convenentes, que dispõe sobre a aquisição de equipamentos para estruturar o atendimento as vítimas 
com risco de saúde pelo 11º (Décimo Primeiro) Batalhão de Bombeiros Militar de Ipatinga/MG.""";"";"";"TRATATIVA";""
"2024";"1";"1400.01.0042680/2023-78";"CORPO DE BOMBEIROS MILITAR DO ESTADO DE MINAS GERAIS";"ALÉM PARAÍBA";"Cooperação técnica e gratuita, através da cessão do espaço em site de telecomunicações para instalação de uma repetidora de rádio digital pertencente ao CBMMG, de forma a permitir ao Corpo de Bombeiros Militar de Minas Gerais, exercer suas atividades de defesa civil, prevenção, combate a incêndios, buscas, salvamento e socorros no município de Além Paraíba, contribuindo para a ampliação da cobertura e melhoria na qualidade da rede de radiocomunicação do CBMMG, permitindo assim um melhor gerenciamento nos atendimento às ocorrências, atendendo desta forma aos interesses comuns dos partícipes.";"2024-03-02";"2049-03-01";"VIGENTE";"https://drive.google.com/file/d/1b00-1qAtJdop7zRqq6te1Cm0Ug01_ncu/view?usp=sharing"
"2023";"3";"1400.01.0005215/2023-20";"CORPO DE BOMBEIROS MILITAR DO ESTADO DE MINAS GERAIS";"VISCONDE DO RIO BRANCO";"Cooperação técnica e gratuita, através da cessão do espaço em site de telecomunicações para instalação de uma repetidora de rádio digital pertencente ao CBMMG, de forma a permitir ao Corpo de Bombeiros Militar de Minas Gerais, exercer suas atividades de defesa civil, prevenção, combate a incêndios, buscas, salvamento e socorros no município de Visconde do Rio Branco, contribuindo para a ampliação da cobertura e melhoria na qualidade da rede de radiocomunicação do CBMMG, permitindo assim um melhor gerenciamento nos atendimento às ocorrências, atendendo desta forma aos interesses comuns dos convenentes.";"";"";"ENCERRADO";""
"2023";"1";"1400.01.0069466/2022-91";"CORPO DE BOMBEIROS MILITAR DO ESTADO DE MINAS GERAIS";"SANTOS DUMONT";"Cooperação técnica e gratuita, através da cessão do espaço em site de telecomunicações para instalação de uma repetidora de rádio digital pertencente ao CBMMG, de forma a permitir ao Corpo de Bombeiros Militar de Minas Gerais, exercer suas atividades de defesa civil, prevenção, combate a incêndios, buscas, salvamento e socorros no município de Santos Dumont, contribuindo para o desenvolvimento do Estado, através da ampliação da cobertura e melhoria na qualidade da rede de radiocomunicação do CBMMG permitindo assim um melhor gerenciamento nos atendimento às ocorrências, atendendo desta forma aos interesses comuns dos convenentes.";"";"";"ENCERRADO";""
"2020";"22040201";"1400.01.0060527/2020-17";"CORPO DE BOMBEIROS MILITAR DO ESTADO DE MINAS GERAIS";"CARANDAÍ";"Estabelecer as intenções do CBMMG e do Município de Carandaí / MG, em firmar um Instrumento Público Específico, com vistas à execução pelo CBMMG, dos Serviços de Prevenção e de Combate a Incêndio, Busca e Salvamento, Resgate e Defesa Civil no Município de Carandaí / MG, impondo assim condições para que o CBMMG preste serviços de qualidade na região, mediante a construção da sede da Fração BM (Posto Avançado) no município de Carandaí a cargo da Prefeitura Municipal, que deverá ocorrer no prazo de 12 (doze) meses após a assinatura deste instrumento.";"2020-12-15";"2021-12-14";"ENCERRADO";"https://drive.google.com/file/d/1jZN_1W0FNPDepUmn-w0WWpSu5J0g9xM5/view?usp=sharing"
"2025";"212002";"1400.01.0036828/2025-63";"CORPO DE BOMBEIROS MILITAR DO ESTADO DE MINAS GERAIS";"ALTO PARANAIBA";": Estabelecimento de condições de cooperação mútua e técnica entre o Corpo de Bombeiros Militar de Minas Gerais, a Associação Mineira de Municípios e o Consórcio Público Intermunicipal de Desenvolvimento Sustentável do Alto Paranaíba, com a finalidade de fomentar, desenvolver e aprimorar as ações de
Proteção e Defesa Civil nos municípios mineiros, por meio do fornecimento de estudos, consultorias e ferramentas, alinhadas aos Objetivos de Desenvolvimento Sustentável
(ODS) da Organização das Nações Unidas (ONU) e às estratégias de prevenção e adaptação às mudanças climáticas.";"";"";"TRATATIVA";""
"2024";"2.12.2.1";"1400.01.0073525/2023-08";"CORPO DE BOMBEIROS MILITAR DO ESTADO DE MINAS GERAIS";"BURITIS";"Estabelecimento de condições de cooperação mútua entre os 
convenentes, visando à criação, manutenção e o credenciamento da Brigada Municipal de Buritis - MG, para 
execução dos serviços de prevenção e combate a incêndio e atendimento a emergências.";"";"";"ENCERRADO";"https://drive.google.com/file/d/14_0PB_IKjrsPtCP8GkA4xWjR1fXuRQIa/view?usp=sharing"
"2024";"54543";"1400.01.0074407/2023-56";"CORPO DE BOMBEIROS MILITAR DO ESTADO DE MINAS GERAIS";"VAZANTE";"O convênio tem por objeto o estabelecimento de condições de cooperação mútua entre os convenentes, visando a criação, manutenção e o credenciamento da Brigada Municipal de Vazante/MG, para execução dos serviços de prevenção e combate a incêndio e atendimento a emergências, conforme prescreve o §2ºdo artigo 3º da Lei Federal nº 13.425/2017 c/c o caput do artigo 8º da Portaria do CBMMG nº 49 de 02 de julho de 2020.";"2024-11-28";"2027-05-27";"VIGENTE";"https://drive.google.com/file/d/1tb23tn1t6XQ1ZBAevio_tV9JqoneiJqt/view?usp=sharing"
"2024";"212222";"1400.01.0003113/2024-26";"CORPO DE BOMBEIROS MILITAR DO ESTADO DE MINAS GERAIS";"PARACATU";"Estabelecimento de condições de cooperação mútua entre os convenentes, visando à execução pelo CBMMG / 2º COB / 12º BBM / 2ª Cia / 2º Pel, dos serviços de teleatendimento do tridígito 199 com objetivo de atender aos anseios e as necessidades da sociedade no que tange as ocorrências de natureza de Defesa Civil, para uma melhor resposta às emergências do município frente aos eventos adversos em qualquer de sua natureza, podendo ser ela tecnológica ou natural, conforme a Classificação Brasileira de Desastres (COBRADE).";"2025-07-09";"2028-07-08";"VIGENTE";"https://drive.google.com/file/d/1BKgnnjYCymsjhxS_BmyBFoF_mfLiP44d/view?usp=sharing"
"2024";"212151";"1400.01.0078108/2023-39";"CORPO DE BOMBEIROS MILITAR DO ESTADO DE MINAS GERAIS";"PATROCÍNIO";"Estabelecimento de condições mútuas entre os convenentes, visando à reforma geral, com recursos do município de Patrocínio, do quartel do 5º Pelotão, da 1ª Companhia, do 12º Batalhão de Bombeiros Militar, a fim que o CBMMG preste serviços de prevenção e combate à incêndios, busca e salvamento, resgate, proteção e defesa civil no referido município.";"2024-06-05";"2025-06-04";"ENCERRADO";"https://drive.google.com/file/d/1iEbOspDaXaYxJTXv7Ie56kjJQNIxpPWI/view?usp=sharing"
"2023";"3";"1400.01.0008529/2023-73";"CORPO DE BOMBEIROS MILITAR DO ESTADO DE MINAS GERAIS";"PATROCÍNIO";"Estabelecimento de condições de cooperação mútua entre os convenentes, visando à execução pelo CBMMG, dos serviços de teleatendimento do tridígito 199 com objetivo de atender aos anseios e as necessidades da sociedade no que tange as ocorrências de natureza de Defesa Civil, para uma melhor resposta às emergências do município frente aos eventos adversos em qualquer de sua natureza, podendo ser ela tecnológica ou natural, conforme a Classificação Brasileira de Desastres (COBRADE).";"2024-10-04";"2025-10-03";"ENCERRADO";"https://drive.google.com/file/d/1Z82PFxPId8UxfRV0QPJB7F0BF09V9JK_/view?usp=sharing"
"2023";"1";"1400.01.0062536/2022-88";"CORPO DE BOMBEIROS MILITAR DO ESTADO DE MINAS GERAIS";"PATOS DE MINAS";"Fornecimento de linhas telefônicas, incluindo os tridígitos 193 e 199, bem como de internet banda larga sob susteio do Município";"2023-02-18";"2028-02-17";"VIGENTE";"https://drive.google.com/file/d/1vXr-pa0SPs2JlhNtOUfdBXeIOx_G1sv2/view?usp=sharing"
"2023";"1";"1400.01.0054250/2022-31";"CORPO DE BOMBEIROS MILITAR DO ESTADO DE MINAS GERAIS";"PATROCÍNIO";"Estabelecimento de condições de cooperação mútua entre os convenentes, visando o gerenciamento do risco de desastres no município de Patrocínio, através de ações de prevenção, preparação, mitigação e respostas aos incêndios florestais, dentre outras emergências.";"";"";"ENCERRADO";"https://drive.google.com/file/d/1f9j_KmzYEdJU2k9LqDLaHNFCiWQVZyUr/view?usp=sharing"
"2022";"2";"1400.01.0045417/2022-96";"CORPO DE BOMBEIROS MILITAR DO ESTADO DE MINAS GERAIS";"PATROCÍNIO";"Estabelecimento de condições de cooperação mútua entre os convenentes, visando à execução pelo CBMMG, dos serviços de prevenção e de combate a incêndio, busca e salvamento, resgate e defesa civil no município de Patrocínio e região";"2024-08-17";"2025-08-16";"ENCERRADO";"https://drive.google.com/file/d/1uqQ-J8lXYj022PfzKV_3tLLt7qFlmKk2/view?usp=sharing"
"2022";"1";"1400.01.0008295/2022-89";"CORPO DE BOMBEIROS MILITAR DO ESTADO DE MINAS GERAIS";"UNAÍ";"Estabelecimento de condições de cooperação mútua entre os convenentes, visando à execução pelo CBMMG dos
serviços de prevenção e combate a incêndio, busca e salvamento, resgate e defesa civil no Município de Unaí e
região.";"2026-03-04";"2027-03-03";"VIGENTE";"https://drive.google.com/file/d/1S0kV6twQjW37NyISW_bmhZivIVqdUpLH/view?usp=sharing"
"2021";"1";"1400.01.0032214/2021-08";"CORPO DE BOMBEIROS MILITAR DO ESTADO DE MINAS GERAIS";"JOÃO PINHEIRO";"Cooperação mútua entre os convenentes visando à manutenção da Fração do CBMMG para prestação de serviços de prevenção e combate a incêndio, busca e salvamento, resgate e defesa civil no Município de João Pinheiro e região.";"2023-08-21";"2024-08-20";"ENCERRADO";"https://drive.google.com/file/d/17TwSvn9Rbi-3bmp8n2QYlRxiiz52iCjM/view?usp=sharing"
"2021";"47";"1400.01.0028889/2021-58";"CORPO DE BOMBEIROS MILITAR DO ESTADO DE MINAS GERAIS";"PARACATU";"Cooperação mútua entre os convenentes visando à manutenção do Pelotão do CBMMG para prestação de serviços de prevenção e combate a incêndio, busca e salvamento, resgate e defesa civil no Município de Paracatu e região.";"2025-07-01";"2026-06-30";"VIGENTE";"https://drive.google.com/file/d/1gM7cTDlZVIgLSfQX1DLQDpngR20df6f7/view?usp=sharing"
"2021";"1";"1400.01.0066861/2020-10";"CORPO DE BOMBEIROS MILITAR DO ESTADO DE MINAS GERAIS";"UNAÍ";"cooperação mútua entre os convenentes, visando à execução pelo CBMMG, dos serviços de prevenção e combate a incêndio, busca e salvamento, resgate e defesa civil no Município de UNAÍ e região.";"";"";"ENCERRADO";"https://drive.google.com/file/d/1UQUALstavs4ebniajrpGGHC5aXdbO-z6/view?usp=sharing"
"2020";"1400.01.0012847/2020-90";"1400.01.0012847/2020-90";"CORPO DE BOMBEIROS MILITAR DO ESTADO DE MINAS GERAIS";"JOÃO PINHEIRO";"Estabelecer as ontenções do CBMMG e do Município de João Pinheiro/MG, em firmar um Instrumento Público Específico, com vistas à execução pelo CBMMG, dos serviços de prevenção e de combate a incêndio, busca e salvamento, resgate e defesa civil no Município, impondo assim condições para que o CBMMG preste serviços de qualidade na região, mediante a construção da sede da Fração BM na cidade de João Pinheiro a cargo da Prefeitura Municipal, que deverá ocorrer no prazo de 12 (doze) meses após a assiantura deste instrumento.";"2020-06-20";"2021-06-19";"ENCERRADO";"https://drive.google.com/file/d/1x_onGpOAZ4_QxVMLsxO3m4pbNO3N3OKT/view?usp=sharing"
"2019";"3";"1400.01.0027947/2019-84";"CORPO DE BOMBEIROS MILITAR DO ESTADO DE MINAS GERAIS";"PARACATU";"Cessão de uso do Imóvel localizado na Rua Bento Pereira Mundim nº 94 Bairro Amoreiras I, de propriedade da União conforme matricula nº 18847, livro nº 2, ficha nº 18412 do cartório de Registro de Imóveis da Comarca de Paracatu Minas Gerais, cedido ao Município de Paracatu destinado a instalação e funcionamento de Uma Fração de Bombeiro Militar no Município de Paracatu..";"2020-01-28";"2040-01-27";"VIGENTE";"https://drive.google.com/file/d/153kO69hQPUHol2mnh6E0_vHIji1dK4kU/view?usp=sharing"
"2019";"1";"1400.01.0016392/2019-20";"CORPO DE BOMBEIROS MILITAR DO ESTADO DE MINAS GERAIS";"PATOS DE MINAS";"Fornecimento de linhas telefônicas, incluindo os tridígitos 193 e 199, bem como de internet banda larga sob custeio do Município de Patos de Minas a favor do 12º BBM.";"2021-06-06";"2022-06-05";"ENCERRADO";"https://drive.google.com/file/d/15mBUEJMQQoXZy-H-jCdy7mocqKXDKyGg/view?usp=sharing"
"2016";"1";"1400.01.0024303/2018-20";"CORPO DE BOMBEIROS MILITAR DO ESTADO DE MINAS GERAIS";"UNAÍ";"Estabelecimento de condições de cooperação mútua entre os convenentes, visando à execução pelo CBMMG dos serviços de prevenção e combate a incêndio, busca e salvamento, resgate e defesa civil no Município de Unaí e região.";"2020-01-01";"2020-12-31";"ENCERRADO";"https://drive.google.com/file/d/1LgwbB664S45ndON1bk6bPHwO6MjTEvjP/view?usp=sharing"
"2014";"2";"1400.01.0009622/2018-65";"CORPO DE BOMBEIROS MILITAR DO ESTADO DE MINAS GERAIS";"PATOS DE MINAS";"O convênio tem por objeto, pagamento de tarifas telefônicas e da internet banda larga da 4ª Companhia Independente de Bombeiros Militar - Patos de Minas.";"2018-06-14";"2019-06-13";"ENCERRADO";"https://drive.google.com/file/d/1cB_UNEW_jJGKjb1dpr9Qme2J0elgK-mr/view?usp=sharing"
"2017";"1";"1400.01.0007364/2018-18";"CORPO DE BOMBEIROS MILITAR DO ESTADO DE MINAS GERAIS";"PATROCÍNIO";"Cooperação mútua entre os convenentes visando à manutenção da Fração do CBMMG para prestação de serviços de prevenção e combate a incêndio, busca e salvamento, resgate e defesa civil no Município de Patrocínio e região.";"2021-08-17";"2022-08-16";"ENCERRADO";"https://drive.google.com/file/d/1TTVIzJnVrk63tL7NntIWDbYvFYBrlHJF/view?usp=sharing"
"2018";"1400.01.0007084/2018-12";"1400.01.0007084/2018-12";"CORPO DE BOMBEIROS MILITAR DO ESTADO DE MINAS GERAIS";"PATOS DE MINAS";"estabelecer as intenções do CBMMG e do Município de Patos de Minas em elevar a Companhia Independente de Patos de Minas à condição de Batalhão.";"";"";"ENCERRADO";"https://drive.google.com/file/d/1OV1Cd63SaBENU_3TW36Yun25AJDgLwXh/view?usp=sharing"
"2016";"62";"1400.01.0006804/2018-06
1400.01.0018489/2019-49";"CORPO DE BOMBEIROS MILITAR DO ESTADO DE MINAS GERAIS";"PARACATU";"Cooperação mútua entre os convenentes visando à manutenção do Pelotão do CBMMG para prestação de serviços de prevenção e combate a incêndio, busca e salvamento, resgate e defesa civil no Município de paracatu e região.";"2020-07-01";"2021-06-30";"ENCERRADO";"https://drive.google.com/file/d/1_0_g58Zcqr9KwK5QDhbL-tSaNHCf3VSg/view?usp=sharing"
"2025";"21230125";"1400.01.0005724/2025-45";"CORPO DE BOMBEIROS MILITAR DO ESTADO DE MINAS GERAIS";"PATROCÍNIO";"Estabelecimento de coondições de cooperação mútua entre os convenentes, visandoo a execução, pelo CBMMG/12º BBM, dos Serviçõs de Prevenção e de Combate a Incêndio, Busca e Salvamento, Resgate e Ações de Defesa Civil no Municipio de Patrocínio e região";"2025-04-15";"2028-04-17";"VIGENTE";"https://drive.google.com/file/d/1AP9Gbkhw78YbeG2oBRObqzQWMeSMqgfr/view?usp=sharing"
"2025";"118275887";"1400.01.0000775/2025-02";"CORPO DE BOMBEIROS MILITAR DO ESTADO DE MINAS GERAIS";"MONTE CARMELO";"Estabelecer as intenções do CBMMG e do Município de Monte Carmelo/MG, de firmarem instrumento público específico com vista à execução 
dos serviços de prevenção e de combate a incêndio, busca e salvamento, resgate e defesa civil no referido, realizando-se dessa forma, condições imprescindíveis para que o CBMMG 
preste serviços de qualidade na região, inclusive com a construção da sede da Fração BM a cargo da Prefeitura Municipal, que deverá ocorrer no prazo de 12 meses após a assinatura";"2025-09-11";"2026-09-10";"VIGENTE";"https://drive.google.com/file/d/18Nv4E1rD_ToPZcRvFNNnS1F-SE5WXmfg/view?usp=sharing"
"2025";"212003";"1400.01.0038836/2025-70";"CORPO DE BOMBEIROS MILITAR DO ESTADO DE MINAS GERAIS";"LAGOA FORMOSA";"Estabelecimento de condições de cooperação 
mútua entre os convenentes, visando à ampliação e operacionalização do Projeto Social Bombeiro Mirim 
do Décimo Segundo Batalhão de Bombeiros Militar na cidade de Patos de Minas/MG, com a inclusão de 
crianças do município de Lagoa Formosa.";"2025-12-02";"2026-12-01";"VIGENTE";"https://drive.google.com/file/d/1A4v7jbzOQYhBMAuFoSLPryoLHrkQhGCL/view?usp=sharing"
"2025";"212303";"1400.01.0048980/2025-13";"CORPO DE BOMBEIROS MILITAR DO ESTADO DE MINAS GERAIS";"PATROCÌNIO";"Conjugação de esforços entre o município de Patrocínio 
e Estado de Minas Gerais, por intermédio do Corpo de Bombeiros Militar de Minas Gerais, visando a 
execução de obras de construção de piscina e reforma das instalações da Cia, bem como a implementação de 
ações educativas e de capacitação da comunidade com temas relacionadas á segurança, prevenção de 
acidentes, primeiros socorros e demais atividades correlatas";"2026-03-20";"2027-03-20";"VIGENTE";"https://drive.google.com/file/d/1f97CwGM2w-LxpUb_-s5fsIlddcQMi2se/view?usp=sharing"
"2024";"1.01.0.2.0.2";"1400.01.0000483/2024-32";"CORPO DE BOMBEIROS MILITAR DO ESTADO DE MINAS GERAIS";"PREFEITURA MUNICIPAL DE MARIANA";"Estabelecimento de condições de cooperação mútua entre os convenentes, visando à execução pelo CBMMG, dos serviços de prevenção e de combate a incêndio, busca e salvamento, resgate e defesa civil no município e região.";"2025-08-03";"2029-08-02";"VIGENTE";"https://drive.google.com/file/d/1AqK3ogFZuJLFihI8AUnn0eOUPyZEtRLy/view?usp=sharing"
"2021";"20522125";"1400.01.0089875/2024-02";"CORPO DE BOMBEIROS MILITAR DO ESTADO DE MINAS GERAIS";"PREFEITURA ITUIUTABA";"O presente convênio tem por objeto o estabelecimento de condições de cooperação mútua entre os convenentes, visando a execução, pelo CBMMG / 5º BBM, dos Serviços de Prevenção e de Combate a Incêndio, Busca e Salvamento, Resgate e Ações de Defesa Civil no Município de Ituiutaba e região.";"2025-01-13";"2028-01-12";"VIGENTE";"https://drive.google.com/file/d/1AqK3ogFZuJLFihI8AUnn0eOUPyZEtRLy/view?usp=sharing"
"2023";"2.05.0.0.1";"1400.01.0014451/2024-32";"CORPO DE BOMBEIROS MILITAR DO ESTADO DE MINAS GERAIS";"PREFEITURA UBERLANDIA";"O presente convênio tem por objeto o estabelecimento de condições de cooperação mútua entre os convenentes, com o fito de proporcionar a execução pelo CBMMG/5º BBM e pela Prefeitura Municipal de Uberlândia, de atividades referentes ao projeto de responsabilidade social bombeiro mirim que se trata de uma ação ensino/social que tem como objetivo oferecer a 50 (cinquenta) crianças adolescentes na faixa etária entre os 08 (oito) e 16 (dezesseis) anos, matriculados nos Núcleos de Apoio Integral à Criança e ao Adolescente (NAICA), a inserção na cultura de prevenção e defesa civil, da vida, civismo, patriotismo, meio ambiente, prevenção às drogas, primeiros socorros, prevenção a acidentes domésticos e de trânsito, dentre outros, a serem executados e/ou coordenados pelo Corpo de Bombeiros Militares do 5º BBM.";"2024-06-15";"2024-12-31";"ENCERRADO";"https://drive.google.com/file/d/1xsr2sBYwhVfQHYgW4nuXUBSbi2ddYQRf/view?usp=sharing"
"2025";"114";"1400.01.0042699/2022-53";"CORPO DE BOMBEIROS MILITAR DO ESTADO DE MINAS GERAIS";"PREFEITURA UBERLANDIA";"ConsƟtui objeto deste convênio o estabelecimento de condições de cooperação mútua  entre os Convenentes, a fim de possibilitar a integração da Coordenadoria Municipal de Proteção e  Defesa Civil – COMDEC – e o Corpo de Bombeiros Militar de Minas Gerais – CBMMG na gestão, gerenciamento, coordenação e execução das ações de Defesa Civil no Município de Uberlândia, e ainda, a unificação e condensação das informações, para que as ações sejam tomadas de forma arƟculada e integrada, promovendo condições de cooperação entre os Convenentes no planejamento, 
coordenação e execução de aƟvidades de Defesa Civil, na integração das aƟvidades de prevenção e combate de incêndio, alagamentos, salvamento e outros sinistros de Defesa Civil no Município de Uberlândia.";"2022-08-02";"2024-12-31";"VIGENTE";"https://drive.google.com/file/d/1HdEMlzUXp_O1DdIn-00jXstb7N-T0Rv7/view?usp=sharing"
"2024";"34";"1400.01.0012263/2022-41";"CORPO DE BOMBEIROS MILITAR DO ESTADO DE MINAS GERAIS";"PREFEITURA UBERLANDIA";"O presente Convênio tem por objeto o estabelecimento de condições de cooperação mútua entre o Município de Uberlândia e o Estado de Minas Gerais, por intermédio do Corpo de Bombeiros Militar de Minas Gerais – CBMMG, na coordenação e execução dos serviços de atendimento pré-hospitalar móvel no Município de Uberlândia.";"2022-04-19";"2024-12-31";"ENCERRADO";"https://drive.google.com/file/d/1PZ2M_LVvT7QPzIPwdoJMZACwnE6yiCxe/view?usp=sharing"
"";"1";"1400.01.0046371/2021-46";"CORPO DE BOMBEIROS MILITAR DO ESTADO DE MINAS GERAIS";"PREFEITURA TUPACIGUARA";"O presente convênio tem por objeto o estabelecimento de condições de cooperação mútua 
entre os convenentes, visando a execução, pelo CBMMG/5º BBM, dos Serviços de Prevenção e de Combate a 
Incêndio, Busca e Salvamento, Resgate e Ações de Defesa Civil no Município de Tupaciguara e região.";"2025-09-21";"2026-09-20";"VIGENTE";"https://drive.google.com/file/d/1PZ2M_LVvT7QPzIPwdoJMZACwnE6yiCxe/view?usp=sharing"
"";"2";"1400.01.0045213/2021-78";"CORPO DE BOMBEIROS MILITAR DO ESTADO DE MINAS GERAIS";"PREFEITURA ARAPORÃ";"Cooperação mútuaentre os convenentes, visando a execução,
pelo CBMMG/5º BBM, dos Serviços de Prevenção e de Combate a
Incêndio, Busca e Salvamento, Resgate e Ações de Defesa Civil no
Município de Araporã-MG e região, e prorrogar o prazo de vigência
por mais 12 (doze) meses a partir de 07/10/22 substituindo o Plano de
Trabalho originário.";"2023-10-07";"2025-10-06";"ENCERRADO";"https://drive.google.com/file/d/1czydlHT-kxMla58euc_f5d8Vnny46Ap6/view?usp=sharing"
"";"2";"1400.01.0025531/2021-29";"CORPO DE BOMBEIROS MILITAR DO ESTADO DE MINAS GERAIS";"PREFEITURA ITUIUTABA";"Cooperação mútua entre os convenentes, visando a execução,
pelo CBMMG/5º BBM, dos Serviços de Prevenção e de Combate a
Incêndio, Busca e Salvamento, Resgate e Ações de Defesa Civil no
Município de Araporã-MG e região, e prorrogar o prazo de vigência
por mais 12 (doze) meses a partir de 07/10/22 substituindo o Plano de
Trabalho originário";"2021-04-01";"2024-12-31";"ENCERRADO";"https://drive.google.com/file/d/1XowOcarlxIVdPqvaDeBuTc9K2BaGim8x/view?usp=sharing"
"";"248";"1400.01.0055859/2020-50";"CORPO DE BOMBEIROS MILITAR DO ESTADO DE MINAS GERAIS";"PREFEITURA UBERLANDIA";"Prorrogar o prazo do convênio e substituição da autoridade competente do CBMMG";"2021-01-01";"2023-04-23";"ENCERRADO";"https://drive.google.com/file/d/13Vq6cBr4gqppT5JmDbxj95lOycaLXs3z/view?usp=sharing"
"";"13";"1400.01.0015668/2020-68";"CORPO DE BOMBEIROS MILITAR DO ESTADO DE MINAS GERAIS";"PREFEITURA UBERLANDIA";"Estabelecimento de condilões de cooperação mútua entre os convenentes, com fito de proporcionar a execução pelo CBMMG/5º BBM e pela Prefeitura Municpal de Uberlândia, atividades referntes ao Projeto de Responsabilidades Social Bombeiro Mirim que trata-se de uma ação ensino/social quem tem como ojetivo oferecer a 100(cem) aadolescentes na faixa etária entre os 8 (oit) e 16 (dezesseis) anos, matriculados nos Núcleos de Apoio Integral à Criança e ao Adolescente (NAICA's), uma inserção em cultura prevencionista de valorização da vida, por meio de ligações de cidadania, civismo, patriotismo, meio ambiente, prevenção às drogas, primeiros socorros, prevenção a acidentes domésticos e a acidentes de trânsito, dentre outros, a serem executados e/ou coordenados pelo Corpo de Bombeiros Militar do 5º BBM.";"2020-03-02";"2020-12-31";"ENCERRADO";"https://drive.google.com/file/d/15ttL6wJc7mZeb6YHuxkeoxBCydOZBVmL/view?usp=sharing"
"";"";"1400.01.0005688/2020-62";"CORPO DE BOMBEIROS MILITAR DO ESTADO DE MINAS GERAIS";"PREFEITURA TUPACIGUARA";"execução pelo CBMMG, dos Serviços de Prevenção e de Combate a Incêndio, Busca e Salvamento, Resgate e Defesa Civil no Município de Tupaciguara, impondo assim condições para que o CBMMG preste serviços de qualidade na região, mediante a construção da sede da Fração BM na cidade de Tupaciguara a cargo da Prefeitura Municipal";"2021-01-30";"2021-12-30";"ENCERRADO";"https://drive.google.com/file/d/1rSLFCHXgZrwV3vOJVteyrLiGc5YsC5Zz/view?usp=sharing"
"";"4001";"1400.01.0036137/2019-17";"CORPO DE BOMBEIROS MILITAR DO ESTADO DE MINAS GERAIS";"PREFEITURA ITUIUTABA";"Estabelecimento de condições de cooperação mútua entre os convenentes, visando aperfeiçoar a prevenção e combate a incêndio e pânico, busca e salvamento, atendimento pré-hospitalar e defesa civil no Município de Ituiutaba, conforme plano de trabalho em anexo.";"2017-01-01";"2021-03-31";"ENCERRADO";"https://drive.google.com/file/d/1yTtl_R927gpuDmHs-23SJlEqqNzDzYNs/view?usp=sharing"
"";"2";"1400.01.0016917/2019-07";"CORPO DE BOMBEIROS MILITAR DO ESTADO DE MINAS GERAIS";"PREFEITURA UBERLANDIA";"Constitui ojeto do presente Acordo de Cooperação entre UFU e o CBMMG-Uberlândia a mútua cooperação e o fornecimento da parceria na execução de ações de ensino, pesquisa e extensão que visem à promoção das ações de proteção e defesa civil, em conformidade com os objetivos da Política Nacional de Defesa Civil estabelacidos pela Lei Federal nº 12.608/2012.";"2018-05-25";"2020-05-24";"ENCERRADO";"https://drive.google.com/file/d/1Dm3buiSJNQ8K6U281XDIuaWKI8nAHICE/view?usp=sharing"
"";"81";"1400.01.0010023/2019-02";"CORPO DE BOMBEIROS MILITAR DO ESTADO DE MINAS GERAIS";"PREFEITURA UBERLANDIA";"Cooperação mútua entre os convenentes para coordenação e execução dos serviços de atendimento pré-hospitalar móvel no Município de Uberlândia através do SIATE 193 – Sistema Integrado de Atendimento a Traumas e Emergências .";"2019-07-10";"2020-12-31";"ENCERRADO";"https://drive.google.com/file/d/1KI7JD2vgu9hWRjf7Z15SkhiGog8BTd12/view?usp=sharing"
"";"1";"1400.01.0009717/2019-19";"CORPO DE BOMBEIROS MILITAR DO ESTADO DE MINAS GERAIS";"UBERLANDIA";"O presente convênio tem por objeto o estabelecimento de condições de cooperação mútua entre os convenentes, com o fito de proporcionar a execução pelo CBMMG/5º BBM e pela Prefeitura Municipal de Uberlândia, atividades referentes ao Projeto de Responsabilidade Social Bombeiro Mirim que trata-se de uma ação ensino/social que tem como objetivo oferecer a 100 (cem) adolescentes na faixa etária entre os 8 (oito) e 16 (dezesseis) anos, matriculados nos Núcleos de Apoio Integral à Criança e ao Adolescente (NAICA’s), uma inserção em cultura prevencionista de valorização da vida, por meio de lições de cidadania, civismo, patriotismo, meio ambiente, prevenção às drogas, primeiros socorros, prevenção a acidentes domésticos e a acidentes de trânsito, dentre outros, a serem executados e/ou coordenados pelo Corpo de Bombeiros Militares do 5º BBM.";"2019-03-11";"2019-12-31";"ENCERRADO";"https://drive.google.com/file/d/1TlGQvaLGH4gg9fur7LS9yz_lLWw7gdqX/view?usp=sharing"
"";"1";"1400.01.0002487/2019-65";"CORPO DE BOMBEIROS MILITAR DO ESTADO DE MINAS GERAIS";"PREFEITURA ARAGUARI";"Proporcionar auxílio financeiro do município de Araguari/MG, de acordo com suas disponibilidades, para promover a execução dos objetos legais destinados à construção das estruturas físicas da 2ª Companhia BM sediada em Araguari/MG.";"2020-11-12";"2022-12-31";"ENCERRADO";"https://drive.google.com/file/d/1TPwLtOqfso4aPdLsKk-KeBvH5YX_FJ5s/view?usp=sharing"
"";"6";"1400.01.0029703/2018-11";"CORPO DE BOMBEIROS MILITAR DO ESTADO DE MINAS GERAIS";"PREFEITURA ARAGUARI";"estabelecer condições de cooperação mútua entre os convenentes, com o fito de proporcionar a execução pelo CBMMG, dos Serviços Prevenção e Combate a Incên- dios, Busca e Salvamento, Resgate e Defesa Civil no municí- pio de Araguari e região.";"2018-01-01";"2018-12-31";"ENCERRADO";"https://drive.google.com/file/d/1m1JxfZz83U4qFuBJUN9MHGmw0RAWKxxS/view?usp=sharing"
"";"60";"1400.01.0009636/2018-75";"CORPO DE BOMBEIROS MILITAR DO ESTADO DE MINAS GERAIS";"PREFEITURA UBERLANDIA";"Estabelecimento de condições de cooperação mútua entre os convenentes , com o fito de proporcionar a execução pelo CBMMG/5º BBM e pela Prefeitura Municipal de Uberlândia, atividades referntes ao Projeto de Responsabilidade Social Bombeiro Mirim que trata-se de uma ação ensino/social que tem como objetivo oferecer a 100 (cem) adolescentes nafaixa etária entre os 8 (oito) e 16 (dezesseis) anos, matriculados nos Núcleos de Apoio Integral à Criança e ao Adolescente (NAICA's),uma inserção em cultura prevencionista de valorização da vida, por meio de lições de cidadania, civismo, patriotismo, meio ambiente, prevenção às drogas, primeiros socorros, prevenção a acidentes domésticos e a acidentes de trânsito, dentre outros, a serem executados e/ou coordenados pelo Corpo de Bombeiros Militares do 5º BBM.";"2018-05-07";"2018-12-31";"ENCERRADO";"https://drive.google.com/file/d/1XPuzOASoRMUCIN_fGKVnxVNQcQDjsS-q/view?usp=sharing"
"";"2";"1400.01.0020103/2025-06";"CORPO DE BOMBEIROS MILITAR DO ESTADO DE MINAS GERAIS";"PREFEITURA UBERLANDIA";"Estabelecimento de condições de cooperação mútua entre os convenentes, visando a coordenação e execução dos serviços de atendimento pré-hospitalar móvel no município de Uberlândia - SIATE";"2025-05-07";"2028-12-31";"VIGENTE";"https://drive.google.com/file/d/1vaOjlKk9njQ6glRJVW973yaqpz6GW_Dq/view?usp=sharing"
"2025";"613001";"1400.01.0071093/2025-94";"CORPO DE BOMBEIROS MILITAR DO ESTADO DE MINAS GERAIS";"POÇOS DE CALDAS";"Conjugação de esforços para a execução, pelo CBMMG, dos serviços de prevenção e combate a incêndio, busca e salvamento, resgate e ações de defesa civil no Município e região, nos termos do plano de trabalho, por meio da Unidade do 6º Comando Operacional de Bombeiros, situado na Rua Rio de Janeiro, n.º 100, Centro, Poços de Caldas–MG e a Unidade da 1ª Companhia Independente de Bombeiros, situado na Rua São José, 383, Country Clube, Poços de Caldas–MG.";"2026-01-07";"2027-01-06";"VIGENTE";"https://drive.google.com/file/d/1GP14ka_HkhImC5jE5Yw-73J0C9gRtOaE/view?usp=sharing"
"2024";"613213";"1400.01.0027379/2024-79";"CORPO DE BOMBEIROS MILITAR DO ESTADO DE MINAS GERAIS";"PASSOS";"O objeto do convênio é o repasse de R$ 150.000,00 (cento e cinquenta mil reais), da Prefeitura Municipal de Passos ao Corpo de Bombeiros Militar de Minas Gerais. Esse repasse visa possibilitar ao Corpo de Bombeiros Militar a realização de licitação para a construção de cobertura metálica para a fração da 1ª Companhia Independente de Bombeiros Militar, a 2ª Companhia Operacional situada em Passos, para atender crianças, idosos, pessoas com deficiência e demais participantes dos projetos sociais, visando proporcionar um melhor atendimento à população.";"2024-11-20";"2026-11-19";"VIGENTE";"https://drive.google.com/file/d/1Wx_4WDCeOASpwJKYCFdijmdOXvTZtUYs/view?usp=drive_link"
"2024";"1";"1400.01.0024049/2024-70";"CORPO DE BOMBEIROS MILITAR DO ESTADO DE MINAS GERAIS";"MACHADO";"Cooperação mútua entre os participantes, visando permitir o uso de partes das instalações da fração do Corpo de Bombeiros Militar de Minas Gerais, subordinada à 1ª Companhia Independente de Bombeiros Militares. O espaço em questão é o Posto Avançado situado no município de Machado, que será parcialmente utilizado para a operação do Serviço de Atendimento Móvel de Urgência (SAMU) municipal, conjuntamente com as ações do CBMMG já realizadas no município de Machado e região.";"";"";"ENCEREDO";"https://drive.google.com/file/d/1Oq1uWYU-X0M3ez3xcnlYRkuNbACZkVIZ/view?usp=sharing"
"2024";"613212";"1400.01.0010587/2024-85";"CORPO DE BOMBEIROS MILITAR DO ESTADO DE MINAS GERAIS";"PASSOS";"Estabelecimento de condições de cooperação mútua entre os convenentes, visando à execução pelo CBMMG, dos Serviços de Prevenção e de Combate a Incêndio no aeroporto Municipal José Figueiredo, nos casos excepcionais de pouso e decolagem de autoridades municipais, estaduais e federais.";"2025-06-20";"2028-06-19";"VIGENTE";"https://drive.google.com/file/d/17ryzfE9_Ch-qqJdhdJAFF_z_pFm8oHyP/view?usp=sharing"
"2024";"1";"1400.01.0076426/2023-57";"CORPO DE BOMBEIROS MILITAR DO ESTADO DE MINAS GERAIS";"PASSOS";"Aquisição de um veículo tipo Caminhonete, conforme especificações contidas na cláusula quarta do presente Convênio, no valor de R$ 300.000,00 (trezentos mil reais), zero quilômetro, pela Prefeitura Municipal de Passos, através de licitação, e que será doada ao Corpo de Bombeiros Militar de Minas Gerais, para utilização pela 2ª Companhia de Bombeiros Militar sediada em Passos/MG, fração subordinada à 1ª Companhia Independente de Bombeiros Militar.";"2025-01-01";"2025-12-31";"ENCEREDO";"https://drive.google.com/file/d/1Hn0p6TFiprE25MDjiF6TVZ94pQxRUWpz/view?usp=sharing"
"2021";"1";"1400.01.0056574/2021-45";"CORPO DE BOMBEIROS MILITAR DO ESTADO DE MINAS GERAIS";"PIUMHI";"Estabelecimento de condições de cooperação mútua entre os convenentes, visando à execução pelo CBMMG, dos Serviços de Prevenção e de Combate a Incêndio, Busca e Salvamento, Atendimento Pré-Hospitalar (Resgate) e Defesa Civil no Município e região, bem como o desenvolvimento das ações por parte da Prefeitura Municipal de Piumhi para manutenção da Fração do Corpo de Bombeiros Militar.";"2022-01-01";"2026-12-31";"VIGENTE";"https://drive.google.com/file/d/1ogCF_O4OJaU_xdopxwI18ubt6G2ECC2-/view?usp=sharing"
"2023";"1";"1400.01.0037829/2023-08";"CORPO DE BOMBEIROS MILITAR DO ESTADO DE MINAS GERAIS";"PASSOS";"Repasse de R$ 250.000,00 (duzentos e cinquenta mil reais), da Prefeitura Municipal de Passos ao Corpo de Bombeiros Militar de Minas Gerais. Esse repasse tem como objetivo de possibilitar ao Corpo de Bombeiros Militar a realização de licitação para a construção de vestiário masculino/feminino e da sala de academia, bem como a aquisição de equipamentos de musculação para a Fração de Bombeiros da 2ª Companhia BM/Passos para atender crianças, idosos, portadores de deficiência e demais participantes dos projetos sociais, visando proporcionar um melhor atendimento à população.";"2024-11-01";"2025-11-14";"ENCEREDO";"https://drive.google.com/file/d/1ESoLc6a4AmOH-Iv5BXF72dKrHnUjBfDz/view?usp=sharing"
"2022";"9";"1400.01.0053312/2022-40";"CORPO DE BOMBEIROS MILITAR DO ESTADO DE MINAS GERAIS";"GUAXUPÉ";"Estabelecimento de condições de cooperação mútua entre os convenentes, visando à execução pelo CBMMG, dos Serviços de Prevenção e de Combate a Incêndio, Buscas e Salvamento, Resgate e Defesa Civil no município e região.";"2026-01-01";"2026-12-31";"VIGENTE";"https://drive.google.com/file/d/1HI4oMZtYvfQYTkE_CqWE_iIK_hUN9AhU/view?usp=sharing"
"2022";"7";"1400.01.0052462/2022-98";"CORPO DE BOMBEIROS MILITAR DO ESTADO DE MINAS GERAIS";"ALFENAS";"Estabelecimento de condições de cooperação mútua entre os convenentes, visando à execução pelo CBMMG, dos Serviços de Prevenção e de Combate a Incêndio, Buscas e Salvamento, Resgate e Defesa Civil no município e região.";"2023-11-25";"2025-11-24";"ENCEREDO";"https://drive.google.com/file/d/1gEVE_JjIUv8Lb-2sFQFWrQ2s02gjuu_8/view?usp=sharing"
"2022";"8";"1400.01.0052460/2022-55";"CORPO DE BOMBEIROS MILITAR DO ESTADO DE MINAS GERAIS";"PASSOS";"Estabelecimento de condições de cooperação mútua entre os convenentes, visando à execução pelo CBMMG, dos Serviços de Prevenção e de Combate a Incêndio, Buscas e Salvamento, Resgate e Defesa Civil no município e região.";"2026-01-01";"2026-12-31";"VIGENTE";"https://drive.google.com/file/d/1seOPOZ6ZQzkZz9vcHaUQjcaEsH3DG3jj/view?usp=sharing"
"2022";"10";"1400.01.0052457/2022-39";"CORPO DE BOMBEIROS MILITAR DO ESTADO DE MINAS GERAIS";"SÃO SEBASTIÃO DO PARAÍSO";"Estabelecimento de condições de cooperação mútua entre os convenentes, visando à execução pelo CBMMG, dos Serviços de Prevenção e de Combate a Incêndio, Buscas e Salvamento, Resgate e Defesa Civil no município e região.";"2024-01-01";"2026-12-31";"VIGENTE";"https://drive.google.com/file/d/1z82kSSduqaYgFsX5BLFDWg6kgqmBplDx/view?usp=sharing"
"2022";"6";"1400.01.0021006/2022-78";"CORPO DE BOMBEIROS MILITAR DO ESTADO DE MINAS GERAIS";"FORTALEZA DE MINAS";"Estabelecimento de condições de cooperação mútua entre os convenentes, visando à execução pelo CBMMG, dos Serviços de Prevenção e de Combate a Incêndio, Buscas e Salvamento, Resgate e Defesa Civil no município de Fortaleza de Minas/MG e região.";"";"";"ENCEREDO";"https://drive.google.com/file/d/1X9Xvs5_SHS48CD88bsdMEqDTzdCdpyFJ/view?usp=sharing"
"2023";"1";"1400.01.0018137/2022-38";"CORPO DE BOMBEIROS MILITAR DO ESTADO DE MINAS GERAIS";"JACUTINGA";"Estabelecimento de condições de cooperação mútua entre os convenentes, visando à criação, manutenção e o credenciamento da Brigada Municipal de Jacutinga, para execução dos serviços de prevenção e combate a incêndio e atendimento a emergências, conforme prescreve o § 2º do artigo 3º da Lei Federal nº 13.425/2017 c/c o caput do artigo 8º da Portaria do CBMMG nº 49 de 02 de julho de 2020.";"2023-09-15";"2025-09-14";"ENCEREDO";"https://drive.google.com/file/d/1I25J_59CuAYMmoxUZwXkaqqp3aXse1kh/view?usp=sharing"
"2022";"4";"1400.01.0005572/2022-84";"CORPO DE BOMBEIROS MILITAR DO ESTADO DE MINAS GERAIS";"SÃO JOSÉ DA BARRA";"Estabelecimento de condições de cooperação mútua entre os convenentes, visando à execução pelo CBMMG, dos Serviços de Prevenção e de Combate a Incêndio, Buscas e Salvamento, Resgate e Defesa Civil no município de São José da Barra/MG e região.";"";"";"ENCEREDO";""
"2022";"3";"1400.01.0070859/2021-22";"CORPO DE BOMBEIROS MILITAR DO ESTADO DE MINAS GERAIS";"SÃO JOÃO BATISTA DA GLÓRIA";"Estabelecimento de condições de cooperação mútua entre os convenentes, visando à execução pelo CBMMG, dos Serviços de Prevenção e de Combate a Incêndio, Buscas e Salvamento, Resgate, Projetos Sociais e Defesa Civil no município de São João Batista do Glória/MG e região.";"2022-06-01";"2025-12-31";"ENCEREDO";"https://drive.google.com/file/d/1oPOS8VIB8YK0gsnsM2539rEMu6yYQ7HL/view?usp=sharing"
"2022";"2";"1400.01.0026381/2022-65";"CORPO DE BOMBEIROS MILITAR DO ESTADO DE MINAS GERAIS";"MACHADO";"Estabelecimento de condições de cooperação mútua entre os convenentes, visando à execução pelo CBMMG, dos Serviços de Prevenção e de Combate a Incêndio, Buscas e Salvamento, Resgate e Defesa Civil no município de Machado/MG e região.";"2026-01-01";"2026-12-31";"VIGENTE";"https://drive.google.com/file/d/1fONFYE70wzCFsNX8rzauAVRTvvJ27_VP/view?usp=sharing"
"2022";"5";"1400.01.0065823/2021-97";"CORPO DE BOMBEIROS MILITAR DO ESTADO DE MINAS GERAIS";"CÁSSIA";"Estabelecimento de condições de cooperação mútua entre os convenentes, visando à execução pelo CBMMG, dos Serviços de Prevenção e de Combate a Incêndio, Buscas e Salvamento, Resgate e Defesa Civil no município de Cássia/MG.";"";"";"ENCEREDO";""
"2021";"9065";"1400.01.0051847/2021-22";"CORPO DE BOMBEIROS MILITAR DO ESTADO DE MINAS GERAIS";"ANDRADAS";"Estabelecimento de condições de cooperação mútua entre os convenentes, visando à execução pelo CBMMG, dos Serviços de Prevenção e de Combate a Incêndio, Busca e Salvamento, Atendimento Pré-Hospitalar (Resgate) e Defesa Civil no Município e região, bem como o desenvolvimento das ações por parte da Prefeitura Municipal de Andradas para a instalação e manutenção de Fração do Corpo de Bombeiros Militar.";"2023-12-18";"2026-12-17";"VIGENTE";"https://drive.google.com/file/d/1eoeHq8I5ylice0Hu3gyxHfPI9gtfsB4z/view?usp=sharing"
"2022";"1";"1400.01.0011049/2021-36";"CORPO DE BOMBEIROS MILITAR DO ESTADO DE MINAS GERAIS";"ALPINÓPOLIS";"Estabelecimento de condições de cooperação mútua entre os convenentes, visando à criação, manutenção e o credenciamento da Brigada Alpinópolis, para execução dos serviços de prevenção e combate a incêndio e atendimento a emergências, conforme prescreve o § 2º do artigo 3º da Lei Federal nº 13.425/2017 c/c o caput do artigo 8º da Portaria do CBMMG nº 49 de 02 de julho de 2020.";"2023-05-20";"2025-05-19";"ENCEREDO";"https://drive.google.com/file/d/19RJUi0JI2Kj_xHsgvkKR4LKgM3glztdZ/view?usp=sharing"
"2021";"1400.01.0003100/2021-95";"1400.01.0003100/2021-95";"CORPO DE BOMBEIROS MILITAR DO ESTADO DE MINAS GERAIS";"MACHADO";"Dar continuidade às intenções do CBMMG e do Município de Machado, em firmar um Instrumento Público Específico, com vistas à execução pelo CBMMG, dos Serviços de Prevenção e de Combate a Incêndio, Busca e Salvamento, Resgate e Defesa Civil no Município de Machado, impondo assim condições para que o CBMMG preste serviços de qualidade na região, mediante a construção de uma edificação conforme relatório e projetos de engenharia expedidos pela Subdiretoria de Apoio Logístico Sei nº 6364888 e SEI 6508981 e aquisição de materiais e equipamentos descritos no relatório Sei nº 6819214, expedido pela Subdiretoria de Tecnologia e Sistemas.";"2021-03-05";"2020-03-04";"ENCEREDO";"https://drive.google.com/file/d/1GbSrPBOETW_A64Q2nv16xZ46GqmbrZJG/view?usp=sharing"
"2020";"2";"1400.01.0026306/2020-59";"CORPO DE BOMBEIROS MILITAR DO ESTADO DE MINAS GERAIS";"PASSOS";"Estabelecimento de condições de cooperação mútua entre os convenentes, visando o desenvolvimento pelo CBMMG do seguinte Projeto de Responsabilidade Social: - Bombeiro Mirim.";"2020-11-24";"2025-11-23";"ENCEREDO";"https://drive.google.com/file/d/1jqE0yZZQ2Xs4Yt4DsjURknNx_A_TZD9c/view?usp=sharing"
"2020";"1";"1400.01.0019846/2020-73";"CORPO DE BOMBEIROS MILITAR DO ESTADO DE MINAS GERAIS";"POÇOS DE CALDAS";"Estabelecimento de condições de cooperação mútua entre os convenentes, com o fito de propiciar a Poços de Caldas a execução pelo CBMMG, dos Serviços de Prevenção e de Combate a Incêndio, Busca e Salvamento, Defesa Civil e atendimento Pré-Hospitalar (Resgate) em cogestão pelas instituições envolvidos do 6° Comando Operacional de Bombeiros e da 1° Companhia Independente de Bombeiros Militar instalados no Município.";"2020-09-11";"2025-09-10";"ENCEREDO";"https://drive.google.com/file/d/12Xx1dExA5KCyWmtPfHWxr3inwMio2Gcm/view?usp=sharing"
"2021";"1400.01.0056474/2020-32";"1400.01.0056474/2020-32";"CORPO DE BOMBEIROS MILITAR DO ESTADO DE MINAS GERAIS";"GUAXUPÉ";"O presente termo tem por objeto a cessão de uso gratuita para a manutenção do 4º Pelotão de Bombeiros Militar, o imóvel localizado a Rua Bahia, nº 164, Bairro Nossa Senhora das Dores, com área de terreno equivalente a 3.822,60m2 (três mil e oitocentos e vinte dois vírgula sessenta metros quadrados) e respectivas edificações que totalizam 861,21 m2(oitocentos e sessenta e um vírgula vinte e um metros quadrados).";"2021-08-16";"2031-08-15";"VIGENTE";"https://drive.google.com/file/d/1tlf1DO32ADQB_piNkiQyYMP_d4PYlsKb/view?usp=sharing"
"2018";"3";"1400.01.0013401/2020-70";"CORPO DE BOMBEIROS MILITAR DO ESTADO DE MINAS GERAIS";"SÃO SEBASTIÃO DO PARAÍSO";"Estabelecimento de condições de cooperação mútua entre os convenentes, visando a execução pelo CBMMG dos serviços de prevenção e combate a incêndios, busca e salvamento, resgate e defesa civil no município e região.";"2020-05-12";"2020-12-31";"ENCEREDO";"https://drive.google.com/file/d/1jdoEBscI9EQtJzuHupRdZni5i7Z_yQFT/view?usp=sharing"
"2020";"1400.01.0008511/2020-83";"1400.01.0008511/2020-83";"CORPO DE BOMBEIROS MILITAR DO ESTADO DE MINAS GERAIS";"ANDRADAS";"Estabelecer as intenções do CBMMG e do Município de Andradas/MG, em firmar um instrumento Público Específico, com vistas à executar pelo CBMMG, dos Serviços de Prevenção e de Combate a Incêndio, Busca e Salvamento, Resgate e Defesa Civil no Município de Andradas/MG, impondo assim condições para que o CBMMG preste serviços de qualidade na região, mediante a locação e adequação de imóvel, apto a sediar a Fração BM no citado município, conforme orientações do CBMMG. A adequação da edificação e a aquisição de materiais e equipamentos será conforme relatório espedido pela Diretoria de Logística e Finanças e que deverá ocorrer no prazo de 06 (seis) meses após a assinatura deste instrumento.";"2021-04-13";"2022-04-12";"ENCEREDO";"https://drive.google.com/file/d/18FLoT-T-5LJ6UqAqvGslAAOnwVKVOcgu/view?usp=sharing"
"2017";"1";"1400.01.0060578/2019-98";"CORPO DE BOMBEIROS MILITAR DO ESTADO DE MINAS GERAIS";"ALFENAS";"Estabelecimento de condições de cooperação mútua entre os convenentes, visando à execução pelo CBMMG dos serviços de prevenção e combate a incêndio, busca e salvamento, resgate e defesa civil no Município de Alfenas e região.";"2021-11-06";"2022-11-05";"ENCEREDO";"https://drive.google.com/file/d/1uEJdGcsxgZYciJaFrVNNxql0vzuPKpFG/view?usp=sharing"
"2018";"2";"1400.01.0060574/2019-12";"CORPO DE BOMBEIROS MILITAR DO ESTADO DE MINAS GERAIS";"GUAXUPÉ";"Estabelecimento de condições de cooperação mútua entre os convenentes, visando à execução, pelo CBMMG, dos serviços de prevenção e combate a incêndios, buscas e salvamentos, atendimento pré hospitalar e defesa civil no Município de Guaxupé e região.";"2022-01-01";"2022-12-31";"ENCEREDO";"https://drive.google.com/file/d/1c2x5NtiMhfHN5Xvq5KlNu-uv7hdsg1ye/view?usp=sharing"
"2017";"19";"1400.01.0060568/2019-77
1400.01.0000786/2019-14";"CORPO DE BOMBEIROS MILITAR DO ESTADO DE MINAS GERAIS";"PIUMHI";"Estabelecimento de condições de cooperação mútua entre os convenentes, visando a execução, pelo CBMMG/1ª CIA. IND. BM, dos serviços de prevenção e combate a incêndios, buscas e salvamentos, resgate e defesa civil no Município de Piumhi e região.";"2021-01-01";"2021-12-31";"ENCEREDO";"https://drive.google.com/file/d/1Ji_vZ9jObGYn6NBeR2Wba9R0YY66NJAQ/view?usp=sharing"
"2018";"3";"1400.01.0060561/2019-72
1400.01.0000544/2019-49";"CORPO DE BOMBEIROS MILITAR DO ESTADO DE MINAS GERAIS";"SÃO SEBASTIÃO DO PARAÍSO";"Estabelecimento de condições de cooperação mútua entre os convenentes, visando a execução pelo CBMMG dos serviços de prevenção e combate a incêndios, buscas e salvamentos, resgate e defesa civil no município e região.";"2022-01-01";"2022-12-31";"ENCEREDO";"https://drive.google.com/file/d/1ns4uSxEEsNvt1T3A1fhK3BmQEPsLU_Cw/view?usp=sharing"
"2018";"1";"1400.01.0060555/2019-40";"CORPO DE BOMBEIROS MILITAR DO ESTADO DE MINAS GERAIS";"PASSOS";"Estabelecimento de condições de cooperação mútua entre os convenentes através de apoio financeiro pelo Município ao CBMMG, visando à execução pelo CBMMG dos serviços de prevenção e combate a incêndios, buscas e salvamentos, resgate e defesa civil no município de Passos e região.";"2022-01-01";"2022-12-31";"ENCEREDO";"https://drive.google.com/file/d/1X9dx59NgpQQ9EkgkIGTeKEwSZksYnUhm/view?usp=sharing"
"2018";"1400.01.0003702/2018-49";"1400.01.0003702/2018-49";"CORPO DE BOMBEIROS MILITAR DO ESTADO DE MINAS GERAIS";"MACHADO";"Estabelecer as interações do CBMMG e do Município de Machado/MG, em firmar um instrumento Público Específico, com vistas à execução pelo CBMMG, dos Serviços de Prevenção e de Combate a Incêndio, Busca e Salvamento, Resgate e Defesa Civil no Município de Machado/MG, impondo assim condições para que o CBMMG preste serviços de qualidade na região, mediante a locação e adequação de imóvel, apto a sediar a Fração BM no citado município, conforme orientações do CBMMG.";"2018-12-12";"2019-12-11";"ENCEREDO";"https://drive.google.com/file/d/1EKYnbvsAaGBAMWLfkQfl13-kftS76_ae/view?usp=sharing"
"2018";"1400.01.0003456/2018-95";"1400.01.0003456/2018-95";"CORPO DE BOMBEIROS MILITAR DO ESTADO DE MINAS GERAIS";"ANDRADAS";"Execução pelo CBMMG, dos serviços de prevenção e de combate a incêndio, busca e salvamento, resgate e defesa civil no município de Andradas, impondo assim condições para que o CBMMG preste serviços de qualidade na região, mediante a locação e adequação de imóvel, apto a sediar a fração BM no município citado";"2020-04-08";"2021-04-07";"ENCEREDO";"https://drive.google.com/file/d/1yL92iT4aOgInD6AiGT-uhjj0MEko5ciA/view?usp=sharing"
"2021";"";"1400.01.0003456/2018-95";"CORPO DE BOMBEIROS MILITAR DO ESTADO DE MINAS GERAIS";"ANDRADAS";"Estabelecer as intenções do CBMMG e do Município de Andradas, em firmar um Instrumento Público Específico, com vistas à execução pelo CBMMG, dos Serviços de Prevenção e de Combate a Incêndio, Busca e Salvamento, Resgate e Defesa Civil no Município de Andradas, impondo assim condições para que o CBMMG preste serviços de qualidade na região, mediante a reforma e adaptação do imóvel situado na Rodovia MG 455, KM05, apto a sediar a Fração BM no município, conforme relatório anexo expedido pela Subdiretoria de Apoio Logístico, SEI nº 22953118 e aquisição de materiais e equipamentos descritos no relatório anexo, exepedido pela Subdiretoria de Tecnologia e Sistemas SEI nº 23074872 que deverá ocorrer até o dia 15 de setembro de 2021.";"2021-04-13";"2022-04-12";"ENCEREDO";"https://drive.google.com/file/d/1g4M8hOvxNpr3rrk2tIHKjEtQ7P1VNuOQ/view?usp=sharing"
"2025";"613211";"1400.01.0048676/2025-73";"CORPO DE BOMBEIROS MILITAR DO ESTADO DE MINAS GERAIS";"SÃO JOSÉ DA BARRA";"Estabelecimento de condições de cooperação mútua entre as partes visando à execução, pelo CBMMG, de cursos, palestras e atividades de capacitação técnica e operacional voltadas aos servidores públicos municipais de São José da Barra/MG, conforme Plano de Trabalho, bem como o Município compromete-se a disponibilizar servidor público contratado para serviços de limpeza e conservação das instalações da 2ª Companhia de Bombeiros Militar – Passos/MG, conforme Plano de Trabalho.";"";"";"TRATATIVA";""
"2025";"613321";"1400.01.0084913/2024-19";"CORPO DE BOMBEIROS MILITAR DO ESTADO DE MINAS GERAIS";"MUZAMBINHO";"Estabelecimento de condições de cooperação mútua entre os partícipes, visando a criação, manutenção e o credenciamento da Brigada Municipal de Muzambinho/MG, para execução dos serviços de prevenção e combate a incêndio e atendimento a emergências, conforme prescreve o § 2º do artigo 3º da Lei Federal nº 13.425/2017 c/c o caput do artigo 8º da Portaria do CBMMG nº 49 de 02 de julho de 2020 e suas posteriores modificações.";"2026-02-03";"2036-02-02";"VIGENTE";"SEI_123316214_Convenio_68.pdf"
"2025";"613111";"1400.01.0041170/2025-05";"CORPO DE BOMBEIROS MILITAR DO ESTADO DE MINAS GERAIS";"ANDRADAS";"Estabelecimento de cessão de uso à título gratuito a posse de uma área de 25 m² (dezesseis metros quadrados) do terreno localizado no sítio São João, Serra do Caracol, zona rural de Andradas, Minas Gerais, com a altitude de 1428 m, com as seguintes coordenadas geográficas: -22.046289 -46.567050, matrícula nº 4.589 conforme certidão (nº SEI 117698673) para instalação de sítio de telecomunicações do CBMMG, abrangendo por torre, cercamento, padrão de energia, abrigo e outras estruturas que se fizerem necessárias para instalação equipamentos de telecomunicações. De forma a permitir ao Corpo de Bombeiros Militar de Minas Gerais, exercer suas atividades de defesa civil, prevenção, combate a incêndios, buscas, salvamento e socorros no município de Andradas, contribuindo para a ampliação da cobertura e melhoria";"";"";"TRATATIVA";""
"2025";"5.06.0.0.1";"1400.01.0006148/2025-43";"CORPO DE BOMBEIROS MILITAR DO ESTADO DE MINAS GERAIS";"GOVERNADOR VALADARES";"presente convênio a conjugação de esforços, com atuação harmônica e sem intuito lucrativo para a execução, pelo CBMMG, dos serviços de prevenção e de combate a incêndio, busca e salvamento, resgate e defesa civil no município e região, bem como o desenvolvimento das ações por parte do município de Governador Valadares/MG, conforme Plano de Trabalho, devidamente aprovado pelos partícipes e parte integrante deste instrumento, para todos os fins de direito, na condição de seu anexo.";"";"";"TRATATIVA";""
"2025";"506221";"1400.01.0048698/2025-61";"CORPO DE BOMBEIROS MILITAR DO ESTADO DE MINAS GERAIS";"ALMENARA";"O estabelecimento de condições de cooperação mútua entre os convenentes, visando à execução pelo CBMMG, dos Serviços de Prevenção e de Combate a Incêndio, Busca e Salvamento, Resgate e Defesa Civil no Município de Almenara/MG e região.";"2025-10-17";"2030-10-16";"VIGENTE";"https://drive.google.com/file/d/1Bqnde6OBrXgEc_LeVnuXbXB6CStJjpc_/view?usp=sharing"
"2024";"506003";"1400.01.0019653/2024-34";"CORPO DE BOMBEIROS MILITAR DO ESTADO DE MINAS GERAIS";"GOVERNADOR VALADARES";"Estabelecer condições para a promoção do ensino aos membros do 6º BBM, em busca da excelência na formação e capacitação dos bombeiros militares, no intuito de entregar à sociedade profissionais mais bem capacitados para o cumprimento de seu dever constitucional de salvar vidas e bens.";"2024-09-18";"2029-09-17";"VIGENTE";"https://drive.google.com/file/d/1TOesnuXsRJerOg2wyrysydn2ItBNmZzp/view?usp=sharing"
"2024";"506171";"1400.01.0017252/2024-65";"CORPO DE BOMBEIROS MILITAR DO ESTADO DE MINAS GERAIS";"SÃO JOÃO EVANGELISTA";"Cooperação técnica e gratuita, através da cessão do espaço em site de telecomunicações para instalação de uma repetidora de rádio digital pertencente ao CBMMG, de forma a permitir ao Corpo de Bombeiros Militar de Minas Gerais, exercer suas atividades de defesa civil, prevenção, combate a incêndios, buscas, salvamento e socorros no município de São João Evangelista, contribuindo para a ampliação da cobertura e melhoria na qualidade da rede de radiocomunicação do CBMMG, permitindo assim um melhor gerenciamento nos atendimento às ocorrências, atendendo desta forma aos interesses comuns dos convenentes.";"2024-06-27";"2029-06-26";"VIGENTE";"https://drive.google.com/file/d/1yFJpc9w25lNWS6290DSHz1d1AUJPcVRo/view?usp=sharing"
"2024";"5060002";"1400.01.0016334/2024-19";"CORPO DE BOMBEIROS MILITAR DO ESTADO DE MINAS GERAIS";"GOVERNADOR VALADARES";"estabelecimento de condições de cooperação mútua entre os convenentes, visando a liberação de parte da estrutura do Clube Filadélfia, pertencente à Sociedade Recreativa Filadélfia, para realização de atividades físicas do Corpo de Bombeiros Militar de Minas Gerais (CBMMG).";"2024-07-23";"2026-07-22";"VIGENTE";"https://drive.google.com/file/d/1HbDfQAResMSpR01QqhZmuHuKAElcXnur/view?usp=sharing"
"2024";"506172";"1400.01.0001778/2024-84";"CORPO DE BOMBEIROS MILITAR DO ESTADO DE MINAS GERAIS";"SÃO JOÃO EVANGELISTA";"Conjugação de esforços, com atuação harmônica e sem intuito lucrativo, para a execução, pelo CBMMG, dos serviços de prevenção e de combate a incêndio, busca e salvamento, resgate e defesa civil no município e região, bem como, o desenvolvimento das ações por parte da Prefeitura Municipal de São João Evangelista, conforme Plano de Trabalho, devidamente aprovado pelos partícipes e parte integrante deste instrumento, para todos os fins de direito, na condição de seu anexo.";"2025-07-24";"2026-07-23";"VIGENTE";"https://drive.google.com/file/d/1OmLy1nYCZ3h4DGpVUxPHkMw9rzZwxssl/view?usp=sharing"
"2023";"1";"1400.01.0061447/2023-97";"CORPO DE BOMBEIROS MILITAR DO ESTADO DE MINAS GERAIS";"GUANHÃES";"Estabelecimento de condições de cooperação de coordenação mútua entre os convenentes, visando a utilização do espaço da Unidade Militar na cidade de Guanhãoes para a operacionalização do SAMU municipal.";"";"";"ENCERRADO";"https://drive.google.com/file/d/1grUMxktw5omFsGhJIbmxSPG4iPupOwqI/view?usp=sharing"
"2023";"";"1400.01.0027691/2023-97";"CORPO DE BOMBEIROS MILITAR DO ESTADO DE MINAS GERAIS";"GOVERNADOR VALADARES";"Estabelecimento de condições de cooperação mútua entre os convenentes, visando a realização de projetos de extensão e/ou estágio curricular e outras atividades não obrigatórias aos alunos dos cursos de graduação (enfermagem, fisioterapia e psicologia), no projeto social Bombeiro Sênior, desenvolvido no Pelotão de Emergências Ambientais e Resposta a Desastres (PEMAD), localizado a Rua Ametista, nº 390, bairro São Raimundo - Governador Valadares.";"2025-01-30";"2028-01-29";"VIGENTE";"https://drive.google.com/file/d/1mM9xXaYFG-y0qljhpY95ATW698nuoDUb/view?usp=sharing"
"2024";"1";"1400.01.0026640/2023-53";"CORPO DE BOMBEIROS MILITAR DO ESTADO DE MINAS GERAIS";"GOVERNADOR VALADARES";"Estabelecimento de condições de cooperação mútua entre os convenentes, visando a execução pelo CBMMG, dos Serviços de Prevenção e de Combate a Incêndios, Buscas e Salvamentos, Resgates, Prevenção de Acidentes e Defesa Civil no município de Governador Valadares/MG e região, conforme plano de trabalho anexo a este instrumento.";"2024-02-24";"2027-02-23";"VIGENTE";"https://drive.google.com/file/d/19J5UdzANPS81V9Gs-ajMKFyZ25_8QGmo/view?usp=sharing"
"2022";"8";"1400.01.0047233/2022-49";"CORPO DE BOMBEIROS MILITAR DO ESTADO DE MINAS GERAIS";"RESPLENDOR";"Estabelecimento de condições de cooperação mútua entre os conveniados, visando à execução pelo CBMMG, dos Serviços de Prevenção e de Combate a Incêndio, Busca e Salvamento, Resgate, Prevenção de Acidentes e Defesa Civil no Município de Resplendor/MG e região.";"2025-11-09";"2027-11-08";"VIGENTE";"https://drive.google.com/file/d/1VlUe9n907VjQ6HLMZpBGKhoPGFxiNqA4/view?usp=sharing"
"2023";"2";"1400.01.0008959/2022-09";"CORPO DE BOMBEIROS MILITAR DO ESTADO DE MINAS GERAIS";"CONSELHEIRO PENA";"Estabelecimento de condições de cooperação mútua entre os convenentes, visando à criação, manutenção e o credenciamento da Brigada Municipal de Conselheiro Pena, para execução dos serviços de prevenção e combate a incêndio e atendimento a emergências, conforme prescreve o § 2º do artigo 3º da Lei Federal nº 13 425/2017 c/c o caput do artigo 8º da Portaria do CBMMG nº 49 de 02 de julho de 2020";"2023-08-17";"2025-08-16";"ENCERRADO";"https://drive.google.com/file/d/1jsC-hN8cSHka09czMDjgcDPsCI-bibt4/view?usp=sharing"
"2022";"6";"1400.01.0007886/2022-74";"CORPO DE BOMBEIROS MILITAR DO ESTADO DE MINAS GERAIS";"TEÓFILO OTONI";"O estabelecimento de condições de cooperação mútua entre os conveniados, visando à execução pelo CBMMG, dos Serviços de Prevenção e de Combate a Incêndio, Buscas e Salvamento, resgate, Prevenção de Acidentes e Defesa Civil no Município de Teófilo Otoni e região.";"2022-03-31";"2023-03-30";"ENCERRADO";"https://drive.google.com/file/d/1Zh3amlaTV0xXEWQICtRDNQaXcw9sR1Yf/view?usp=sharing"
"2022";"2";"1400.01.0000944/2022-07";"CORPO DE BOMBEIROS MILITAR DO ESTADO DE MINAS GERAIS";"ITAOBIM";"O estabelecimento de condições de cooperação mútua entre os convenentes, visando a execução pelo CBMMG, dos Serviços de Prevenção e de Combate a Incêndios, Buscas e Salvamentos, Resgates, Prevenção de Acidentes e Defesa Civil no município de Itaobim/MG e região, conforme plano de trabalho anexo a este instrumento.";"2026-02-23";"2027-02-22";"VIGENTE";"https://drive.google.com/file/d/1iZ5Fjpt1u-TcJjc4eLI0-AC8ieEUEA7g/view?usp=sharing"
"2021";"3";"1400.01.0037416/2021-10";"CORPO DE BOMBEIROS MILITAR DO ESTADO DE MINAS GERAIS";"ARAÇUAÍ";"O estabelecimento de condições de cooperação mútua entre os convenentes, com o fito de proporcionar a execução pelo CBMMG, dos Serviços de Prevenção e de Combate a Incêndio, Busca e Salvamento, Resgate e Defesa Civil, no município de Araçuaí e região.";"2024-01-01";"2024-02-29";"ENCERRADO";"https://drive.google.com/file/d/1AkC9sdVqLTkGgVSA5lEi87Co7ecRqp2d/view?usp=sharing"
"2022";"1";"1400.01.0036405/2021-50";"CORPO DE BOMBEIROS MILITAR DO ESTADO DE MINAS GERAIS";"SÃO JOÃO EVANGELISTA";"O estabelecimento de condições de cooperação mútua entre os convenentes, visando a execução pelo CBMMG, dos Serviços de Prevenção e de Combate a Incêndios, Buscas e Salvamentos, Resgates, Prevenção de Acidentes e Defesa Civil no município de São João Evangelista/MG e região, conforme plano de trabalho anexo a este instrumento.";"2023-01-13";"2024-01-12";"ENCERRADO";"https://drive.google.com/file/d/1MsrpXmxDSsZgeTkRV8dfLnd-WOo63Y6E/view?usp=sharing"
"2019";"";"1400.01.0040582/2020-85";"CORPO DE BOMBEIROS MILITAR DO ESTADO DE MINAS GERAIS";"GOVERNADOR VALADARES";"Estabelecimento de diretrizes para integração entre o SAMU ( Serviço de Atendimento Móvel de Urgência) e o Corpo de Bombeiro Militar de MInas Gerais - CBMMG/6º BBM, referente as ações e coordenação dos atendimentos a ocorrências de urgências e emergências pré-hospitalares, ocorridas no município de Governador Valadares e região, em conformidade com a Portaria GM/MS nº 2.048 de 05 de novembro de 2022 e as atividades de transporte aeromédico realizadas de Batalhão de Operações Aéreas.";"2019-07-12";"2024-07-11";"ENCERRADO";"https://drive.google.com/file/d/1VLUB1xdPYUw9Fc6tVe87Ao-AUHwfSn-9/view?usp=sharing"
"2020";"4";"1400.01.0035410/2020-49";"CORPO DE BOMBEIROS MILITAR DO ESTADO DE MINAS GERAIS";"ALMENARA";"O estabelecimento de condições de cooperação mútua entre os convenentes, visando à execução pelo CBMMG, dos Serviços de Prevenção e de Combate a Incêndio, Busca e Salvamento, Resgate e Defesa Civil no Município de Almenara/MG e região.";"2020-07-16";"2025-07-15";"ENCERRADO";"https://drive.google.com/file/d/1GDCmBAJa82cxcLvRdByFZs_x7YRenk6-/view?usp=sharing"
"2020";"3";"1400.01.0033496/2020-26";"CORPO DE BOMBEIROS MILITAR DO ESTADO DE MINAS GERAIS";"SÃO JOÃO EVANGELISTA";"Estabelecimento de condições de cooperação mútua entre os convenentes, visando a execução pelo CBMMG, dos Serviços de Prevenção e Combate a Incêndios, Busca e Salvamento, Resgate e Defesa Civil no município de São João Evangelista/MG e região.";"2020-06-27";"2021-06-26";"ENCERRADO";"https://drive.google.com/file/d/1bozupEyCwgAfniH72XHQlLRbFS3hWK3p/view?usp=sharing"
"2013";"143";"1400.01.0031768/2020-25";"CORPO DE BOMBEIROS MILITAR DO ESTADO DE MINAS GERAIS";"ALMENARA";"A delegação , da União para o Estado de Minas Gerais, da Exploração do Aeroporto de Almenara (SNAR), localizado no Município de Almenara - MG, com a seguinte localização geográfica: 13º10'02""S / 40º41'05""W.";"2013-12-02";"2048-12-01";"VIGENTE";"convenio_reforma_aeroporto_almenara.pdf"
"2020";"2";"1400.01.0026247/2020-03";"CORPO DE BOMBEIROS MILITAR DO ESTADO DE MINAS GERAIS";"GUANHÃES";"O estabelecimento de condições de cooperação mútua entre os convenentes, visando à execução pelo CBMMG, dos Serviços de Prevenção e de Combate a Incêndio, Busca e Salvamento, Resgate e Defesa Civil no Município de Guanhães e região, bem como o desenvolvimento das ações por parte da Prefeitura Municipal de Guanhães para a edificação e instalação da futura Fração do Corpo de Bombeiros Militar.";"2020-05-26";"2025-05-24";"ENCERRADO";"https://drive.google.com/file/d/10tzjU4c4GS67X34HqecJud0_SgWIliS-/view?usp=sharing"
"2019";"1";"1400.01.0051835/2019-61";"CORPO DE BOMBEIROS MILITAR DO ESTADO DE MINAS GERAIS";"TEÓFILO OTONI";"Estabelecimento de condições de cooperação mútua entre os convenentes, com o fito de proporcionar a execução pelo CBMMG, dos Serviços de Prevenção e de Combate a Incêndio, Busca e Salvvamento, Resgate e Defesa Civil no Município de Teófilo Otoni/MG e região.";"2019-10-17";"2020-10-16";"ENCERRADO";"https://drive.google.com/file/d/1lT9hm7prYndk_IaWNOEc1turWkPKH6Y3/view?usp=sharing"
"2019";"";"1400.01.0041043/2019-57";"CORPO DE BOMBEIROS MILITAR DO ESTADO DE MINAS GERAIS";"SÃO JOÃO EVANGELISTA";"Estabelecimento de condições de cooperação mútua entre os convenentes, visando a execução pelo CBMMG, dos Serviços de Prevenção e de Combate a Incêndios, Busca e Salvamentos, Resgate e Defesa Civil no município de São João Evangelista/MG e região.";"2019-04-15";"2019-04-14";"ENCERRADO";""
"2019";"";"1400.01.0038534/2019-94";"CORPO DE BOMBEIROS MILITAR DO ESTADO DE MINAS GERAIS";"GOVERNADOR VALADARES";"Estabelecimento de condições de cooperação mútua entre os convenentes, visando a liberação do espaço da Sociedade Recreativa Filadélfia para realização de atividades físicas do Sexto Batalhão de Bombeiros militar.";"2022-08-28";"2024-08-27";"ENCERRADO";"https://drive.google.com/file/d/1tEFJpQqTdU7OXz5wfbJyUWNCR_Pe3QDm/view?usp=sharing"
"2020";"";"1400.01.0029909/2019-72";"CORPO DE BOMBEIROS MILITAR DO ESTADO DE MINAS GERAIS";"ARAÇUAÍ";"O estabelecer as intenções do CBMMG e do Município de Araçuaí/MG, em firmar um Instrumento Público Específico, com vistas à execução pelo CBMMG, dos Serviços de Prevenção e de Combate a Incêndio, Busca e Salvamento, Resgate e Defesa Civil no Município de Araçuaí/MG, impondo assim condições para que o CBMMG preste serviços de qualidade na região, mediante a construção da sede da Fração BM no Município de Araçuaí a cargo da Prefeitura Municipal, que deverá ocorrer no prazo de 24 (vinte e quatro) meses após a assinatura deste instrumento.";"2020-06-24";"2022-06-23";"ENCERRADO";"https://drive.google.com/file/d/1Zt28FfwEyX--Q2pYMu4L4lHgmi8BNAoU/view?usp=sharing"
"2018";"2";"1400.01.0022636/2019-18
1400.01.0005191/2018-04
2300.01.0013769/2019-77
1400.01.0033345/2019-32";"CORPO DE BOMBEIROS MILITAR DO ESTADO DE MINAS GERAIS";"GUANHÃES";"Estabelecimento de condições de cooperação mútua entre os convenentes, visando à execução pelo CBMMG, dos Serviços de Prevenção e de Combate a Incêndio, Busca e Salvamento, Resgate e Defesa Civil no Município de Guanhães e região, bem como o desenvolvimento das ações por parte da Prefeitura Municipal de Guanhães para a edificação e instalação da futura Fração do Corpo de Bombeiros Militar.";"2019-05-04";"2020-05-04";"ENCERRADO";"https://drive.google.com/file/d/1ImO0tqEDTZ6zJh3AXD6fmWLHA810n8n4/view?usp=sharing"
"2017";"1";"1400.01.0020002/2018-38";"CORPO DE BOMBEIROS MILITAR DO ESTADO DE MINAS GERAIS";"RESPLENDOR";"Estabelecimento de condições de cooperação mútua entre os convenentes, visando a execução pelo CBMMG dos serviços de prevenção e combate a incêndios, busca e salvamentos, resgate e defesa civil no município e região.";"2021-09-24";"2022-09-29";"ENCERRADO";"https://drive.google.com/file/d/1EsDi4OB_nX_CkhVUHgqhKhAggBDJ4sWC/view?usp=sharing"
"2017";"1";"1400.01.0008419/2018-51";"CORPO DE BOMBEIROS MILITAR DO ESTADO DE MINAS GERAIS";"GOVERNADOR VALADARES";"Estabelecimento de condições de cooperação mútua entre os convenentes, visando a liberação do espaço da Sociedade Recreativa Filadélfia para realização de atividades físicas do Sexto Batalhão de Bombeiros militar.";"2018-07-05";"2019-07-07";"ENCERRADO";"https://drive.google.com/file/d/1jUMd1fwIMA2SStaVxGA1fL134c5Dhcif/view?usp=sharing"
"2018";"6226";"1400.01.0004609/2018-04";"CORPO DE BOMBEIROS MILITAR DO ESTADO DE MINAS GERAIS";"ALMENARA";"Estabelecimento de condições de cooperação mútua entre os convenentes, com o fito de proporcionar a execução pelo CBMMG, dos Serviços de Prevenção e de Combate a Incêndio, Busca e Salvvamento, Resgate e Defesa Civil no Município de Almenara/MG e região.";"2018-07-20";"2019-07-19";"ENCERRADO";"https://drive.google.com/file/d/101-CE4L6Wbi3TI7wfcZ-em6mn8NGL5TA/view?usp=sharing"
"2017";"1";"1400.01.0001636/2018-56";"CORPO DE BOMBEIROS MILITAR DO ESTADO DE MINAS GERAIS";"MANHUAÇU";"Estabelecimento de condições de cooperação mútua entre os convenentes, visando a execução pelo CBMMG, dos Serviços de Prevenção e de Combate a Incêndios, Busca e Salvamentos, Resgate e Defesa Civil no município de Manhuaçu/MG e região.";"2017-03-22";"2018-03-21";"ENCERRADO";""
"2025";"5.06.1.6";"1400.01.0020158/2025-73";"CORPO DE BOMBEIROS MILITAR DO ESTADO DE MINAS GERAIS";"RESPLENDOR";"Objeto consiste no estabelecimento de condições de cooperação mútua entre os convenentes a visando a cooperação entre as partes para a manutenção das viaturas operacionais do CBMMG pertencentes ao 6º Pelotão, conforme descrito no plano de trabalho e anexos, com vistas a garantir a disponibilidade e condições adequadas de funcionamento dos veículos utilizados nas atividades de prevenção e resposta a emergências.";"";"";"ENCERRADO";""
"2025";"506171";"1400.01.0057485/2025-74";"CORPO DE BOMBEIROS MILITAR DO ESTADO DE MINAS GERAIS";"GUANHÃES";"Estabelecimento de condições de cooperação mútua entre os convenentes, visando à execução pelo CBMMG, dos serviços de prevenção e de combate a incêndios, buscas e salvamentos, resgates e atividades de defesa civil no município de Guanhães e região, objetivando a efetiva manutenção da ordem e da defesa social.";"2025-10-21";"2027-10-20";"VIGENTE";"https://drive.google.com/file/d/1OxcZxwP2IR2NcY2cjfmyUZELh-hNMr_0/view?usp=sharing"
"2025";"5.06.0.0.1";"1400.01.0068814/2025-32";"CORPO DE BOMBEIROS MILITAR DO ESTADO DE MINAS GERAIS";"CONSELHEIRO PENA";"Estabelecimento de condições de cooperação mútua entre os convenentes, visando a criação, manutenção e o credenciamento da Brigada Municipal de Conselheiro Pena/MG, para execução dos serviços de prevenção e combate a incêndio e atendimento a emergências, conforme prescreve o §2ºdo artigo 3º da Lei Federal nº 13.425/2017 c/c o caput do artigo 8º da Portaria do CBMMG nº 49 de 02 de julho de 2020.";"2025-11-20";"2035-11-19";"VIGENTE";"https://drive.google.com/file/d/1FHKH_HbkaBMPHby94SzqHQz4hxcagOqV/view?usp=sharing"
"2026";"506221";"1400.01.0025344/2026-19";"CORPO DE BOMBEIROS MILITAR DO ESTADO DE MINAS GERAIS";"MATA VERDE";"estabelecimento de cooperação mútua para a execução do Projeto Social Bombeiro Mirim no Município de Mata Verde/MG, pelo CBMMG, bem como o apoio logístico e financeiro do município ao 2º Pelotão de Bombeiros de Almenara (que atende a região), visando à aquisição de materiais operacionais para salvamento, resgate e socorro, e à manutenção das condições de funcionamento da unidade.";"";"";"TRATATIVA";""
"2024";"300002";"1400.01.0046850/2024-05";"CORPO DE BOMBEIROS MILITAR DO ESTADO DE MINAS GERAIS";"BARBACENA";"Estabelecimento de diretrizes para regulação das ações e da coordenação dos atendimentos a ocorrências de urgências e emergências pre-hospitalares nos municípios integrantes do CISRU, que estejam também dentro da área de atuação da 2ª Cia Ind BM, com oobjetivo de eliminar a duplicidade de esforços dos convenentes, no que tange ao atendimento pré-hospitalar, em consonância com o disposto no inciso XIII do artigo 7º da Lei Federal 8.080, de 19 de sentembro de 1990, bem como estabelecer as diretrizes para o atendimento do tridígito 193 pelos atendentes do consórcio, a composição de guarnição mista, o compartilhamento da sede e frações como base de pronto atendimento aeromédico (SAAV) na região, sediado na base da Cia Especializada de Operações Aéreas - CEOA/JF.";"2024-09-20";"2029-09-19";"VIGENTE";"https://drive.google.com/file/d/1cYdMficCpD05B8ut3lDrNLLs7DwS_TMQ/view?usp=sharing"
"2024";"4002";"1400.01.0072280/2023-61";"CORPO DE BOMBEIROS MILITAR DO ESTADO DE MINAS GERAIS";"CARANDAÍ";"O estabelecimento de condições de cooperação mútua entre os convenentes, visando à criação, manutenção e o credenciamento da Brigada Municipal de Carandaí, para execução dos serviços de prevenção e combate a incêndio e atendimento a emergências, conforme prescreve o § 2º do artigo 3º da Lei Federal nº 13.425/2017 c/c o caput do artigo 8º da Portaria do CBMMG nº 49 de 02 de julho de 2020.";"2024-04-11";"2026-04-10";"ENCERRADO";"https://drive.google.com/file/d/1ToMUM65D7DyQ_FwrN8EHyDdug03gy5Dn/view?usp=sharing"
"2024";"4001";"1400.01.0070387/2023-53";"CORPO DE BOMBEIROS MILITAR DO ESTADO DE MINAS GERAIS";"SÃO TIAGO";"Estabelecimento de condições de cooperação mútua entre os convenentes, visando à criação, manutenção e o credenciamento da Brigada Municipal de São Tiago, para execução dos serviços de prevenção e combate a incêndio e atendimento a emergências, conforme prescreve o § 2º do artigo 3º da Lei Federal nº 13.425/2017 c/c o caput do artigo 8º da Portaria do CBMMG nº 49 de 02 de julho de 2020.";"2024-03-23";"2026-03-22";"ENCERRADO";"https://drive.google.com/file/d/1obINYx0hGbBz3B0dfgjGj6yf43f86fJg/view?usp=sharing"
"2023";"3";"1400.01.0034012/2023-53";"CORPO DE BOMBEIROS MILITAR DO ESTADO DE MINAS GERAIS";"UBÁ";"Cooperação técnica e gratuita, através da cessão do espaço em site de telecomunicações para instalação de uma repetidora de rádio digital pertencente ao CBMMG, de forma a permitir ao Corpo de Bombeiros Militar de Minas Gerais, exercer suas atividades de defesa civil, prevenção, combate a incêndios, buscas, salvamento e socorros no município de Ubá, contribuindo para a ampliação da cobertura e melhoria na qualidade da rede de radiocomunicação do CBMMG, permitindo assim um melhor gerenciamento nos atendimento às ocorrências, atendendo desta forma aos interesses comuns dos convenentes.";"";"";"ENCERRADO";"https://drive.google.com/file/d/1o7FEvVYZNze5EI0ikZqQ05kwfd4gNjGD/view?usp=sharing"
"2022";"4010";"1400.01.0008475/2022-79";"CORPO DE BOMBEIROS MILITAR DO ESTADO DE MINAS GERAIS";"BARBACENA";"Conjugação de esforços, com atuação harmônica e sem intuito lucrativo, para a execução, pelo CBMMG, dos serviços de prevenção e de combate a incêndio, busca e salvamento, resgate e defesa civil no município e região, bem como, o desenvolvimento das ações por parte da Prefeitura Municipal de Barbacena, conforme Plano de Trabalho, devidamente aprovado pelos partícipes e parte integrante deste instrumento, para todos os fins de direito, na condição de seu anexo.";"2026-01-01";"2026-12-31";"VIGENTE";"SEI_129593892_Termo_Aditivo.pdf"
"2019";"4008";"1400.01.0062980/2021-34
1400.01.0050934/2019-41";"CORPO DE BOMBEIROS MILITAR DO ESTADO DE MINAS GERAIS";"CONSELHEIRO LAFAIETE";"Desenvolvimento do Projeto “Promoção das ações de Proteção e Defesa Civil”, pelo Corpo de Bombeiros Militar de Minas Gerais, em parceria com a Defesa Civil do município de Conselheiro Lafaiete, buscando o fortalecimento da resiliência local, em conformidade com os objetivos da Política Nacional de Proteção e Defesa Civil estabelecidos pela Lei Federal nº 12.608/2012.";"2021-12-12";"2022-12-11";"ENCERRADO";"https://drive.google.com/file/d/1HorWjepCDlyzLiD3IWwbPsEJLo-4o8t7/view?usp=sharing"
"2021";"4007";"1400.01.0056354/2021-68
1400.01.0002850/2022-52";"CORPO DE BOMBEIROS MILITAR DO ESTADO DE MINAS GERAIS";"SÃO JOÃO DEL REI";"O estabelecimento de condições de cooperação mútua entre os partícipes, visando a execução pelo CBMMG, dos Serviços de Prevenção e de Combate a Incêndios, Buscas e Salvamentos, Resgates e Defesa Civil no município de São João Del Rei e e região, conforme plano de trabalho integrante deste instrumento independente de transcrição.";"2024-07-09";"2025-07-08";"ENCERRADO";"https://drive.google.com/file/d/1d_EHWynsFZ6hhrvcrJsXthzBel19iZ0L/view?usp=sharing"
"2021";"6213";"1400.01.0022143/2021-34";"CORPO DE BOMBEIROS MILITAR DO ESTADO DE MINAS GERAIS";"CONGONHAS";"Estabelecimento de condições de cooperação mútua entre os convenentes, visando à execução pelo CBMMG dos serviços de prevenção e de combate a incêndio, busca e salvamento, resgate e defesa civil no município de Congonhas e região.";"2025-01-01";"2026-04-15";"ENCERRADO";"https://drive.google.com/file/d/13kz_28u5pCNMTKeidq7-3z0sMXDVCNWp/view?usp=sharing"
"2021";"4001";"1400.01.0020057/2021-96
1400.01.0002850/2022-52";"CORPO DE BOMBEIROS MILITAR DO ESTADO DE MINAS GERAIS";"CONSELHEIRO LAFAIETE";"Estabelecimento das condições da Cooperação Mútua entre o CBMMG e o Município de Conselheiro Lafaiete/MG, para execução dos Serviços de Prestação e Combate a Incêndios, busca e Salvamento, Resgate e Ações de Defesa Civil, no município e região.";"2025-04-24";"2026-04-23";"ENCERRADO";"https://drive.google.com/file/d/1fwB2HByJR3bEdEFcevie7QB01SUtwYDm/view?usp=sharing"
"2020";"4009";"1400.01.0036575/2020-22";"CORPO DE BOMBEIROS MILITAR DO ESTADO DE MINAS GERAIS";"JUIZ DE FORA";"Estabelecimento de diretrizes para regulação das ações e da coordenação dos atendimentos a ocorrências de urgências e emergências pré-hospitalares nos municípios integrantes do CISRU Centro Sul que estejam também dentro da área de atuação do 1º Pelotão/1ª Cia BM/ 2ªCia Ind. BM - Barbacena/MG(Alfredo Vasconcelos, Alto Rio Doce, Antônio Carlos, Barbacena, Barroso, Bias Fortes, Cipotânea, Desterro do Melo, Ibertioga, Ressaquinha, Santa Bárbara do Tugúrio, Santa Rita de Ibitipoca, Santana do Garambéu e Senhora dos Remédios).";"2023-08-02";"2024-09-20";"ENCERRADO";"https://drive.google.com/file/d/1FVNetIldCkRWwKyxqcKxbb73i4Wve3wI/view?usp=sharing"
"2020";"22040201";"1400.01.0056098/2019-02";"CORPO DE BOMBEIROS MILITAR DO ESTADO DE MINAS GERAIS";"CARANDAÍ";"Estabelecer as intenções do CBMMG e do Município de Carandaí / MG, em firmar um Instrumento Público Específico, com vistas à execução pelo CBMMG, dos Serviços de Prevenção e de Combate a Incêndio, Busca e Salvamento, Resgate e Defesa Civil no Município de Carandaí / MG, impondo assim condições para que o CBMMG preste serviços de qualidade na região, mediante a construção da sede da Fração BM (Posto Avançado) no município de Carandaí a cargo da Prefeitura Municipal, que deverá ocorrer no prazo de 12 (doze) meses após a assinatura deste instrumento";"2020-12-15";"2021-12-14";"ENCERRADO";"https://drive.google.com/file/d/1BG30relOPxzg3n0Br9E7ja5qcr8a4k-H/view?usp=sharing"
"2017";"6213";"1400.01.0041075/2019-66";"CORPO DE BOMBEIROS MILITAR DO ESTADO DE MINAS GERAIS";"CONGONHAS";"Estabelecimento de condições de cooperação mútua entre os cenvenentes, visando à execução pelo CBMMG dos serviços de prevenção e de combate a incêndio, busca e salvamento, resgate e defesa civil no município de Congonhas e região.";"2019-07-11";"2019-12-31";"ENCERRADO";"https://drive.google.com/file/d/18yu7AqgFsCCH9GSzNrhidYeGCFQfKfQE/view?usp=sharing"
"2016";"4001";"1400.01.0017621/2019-11";"CORPO DE BOMBEIROS MILITAR DO ESTADO DE MINAS GERAIS";"CONSELHEIRO LAFAIETE";"Estabelecimento das condições de Cooperação Mútua entre o CBMMG e o Município de Conselheiro Lafaiete/MG, para execução dos serviços de Prevenção e Combate a Incêndios, Busca e Salvamento, Resgate e Ações de Defesa Civil, no Município e região.";"2020-03-17";"2021-03-16";"VIGENTE";"https://drive.google.com/file/d/1_QVMSgt8FoQFopDdfo520YdPNZqdITET/view?usp=sharing"
"2016";"4002";"1400.01.0015772/2019-76";"CORPO DE BOMBEIROS MILITAR DO ESTADO DE MINAS GERAIS";"BARBACENA";"Estabelecimento das condições de cooperação mútua entre o CBMMG e a FUPAC, para a execução da manutenção da piscina da 2ª Cia BM/2ª Cia Ind., situada a Rua Marechal Deodoro, 08, Santa Matilde Conselheiro Lafaiete e permissão do uso desta piscina pelos alunos do Curso de Educação Física ministrado pela FUPAC.";"2020-04-01";"2021-03-31";"ENCERRADO";"https://drive.google.com/file/d/1sdpRy5JhhLJo20mAKvSi2Kh1p5Dg89py/view?usp=sharing"
"2017";"4007";"1400.01.0013633/2019-17";"CORPO DE BOMBEIROS MILITAR DO ESTADO DE MINAS GERAIS";"SÃO JOÃO DEL REI";"Estabelecimento das condições de Cooperação Mútua entre o CBMMG e o Município de São João del Rei/MG, para execução dos serviços de Prevenção e Combate a Incêndios, Busca e Salvamento, Resgate e Ações de Defesa Civil, no Município e região.";"2017-03-21";"2018-03-20";"ENCERRADO";"https://drive.google.com/file/d/1Wjn6XoSsM0b-mmJD4jhNIygbvKAFiz-G/view?usp=sharing"
"2026";"3.14.0.0.1";"1400.01.0011228/2026-38";"CORPO DE BOMBEIROS MILITAR DO ESTADO DE MINAS GERAIS";"CONCELHEIRO LAFAIETE";"estabelecimento de condições de cooperação mútua entre os convenentes, visando à execução pelo CBMMG, dos serviços de prevenção e combate a incêndios, busca e salvamento, resgate e defesa civil no Município e região.";"2026-04-28";"2027-04-27";"VIGENTE";"https://drive.google.com/file/d/149nWDkoHwGD3i90TzxzZI_cbxLo6zY9Z/view?usp=sharing"
"2026";"3.14.0.0.2";"1400.01.0075475/2025-23";"CORPO DE BOMBEIROS MILITAR DO ESTADO DE MINAS GERAIS";"CONGONHAS";"estabelecimento de condições de cooperação mútua entre os 
convenentes, visando à execução pelo CBMMG, dos serviços de prevenção e de combate a incêndio, 
busca e salvamento, resgate e defesa civil no município e região.";"2026-05-12";"2027-05-11";"VIGENTE";"https://drive.google.com/file/d/1NfW03tqDUFM8rjxGeFJf0GvMlxmW0muL/view?usp=sharing"
"2023";"1";"1400.01.0035461/2022-24";"CORPO DE BOMBEIROS MILITAR DO ESTADO DE MINAS GERAIS";"OURO FINO";"Estabelecer as intenções do CBMMG e do município de Ouro Fino/MG, de firmarem um instrumento público específico com vista à execução pelo CBMMG dos serviços de prevenção e de combate a incêndio, busca e salvamento, resgate e defesa civil no município de Ouro Fino/MG, realizando-se, desta forma, condições imprescindíveis para que o CBMMG preste serviços de qualidade na região, inclusive com a construção da sede da Fração BM no município de Ouro Fino a cargo da Prefeitura Municipal, que deverá ocorrer no prazo de 12 meses após a assinatura deste instrumento.";"";"";"ENCERRADO";""